timestamp,error 5%,error 10%,error 15%
"01/21/2019, 14:32:00",0.99,0.99,0.9986542771
"01/21/2019, 14:34:00",0.9973215264,0.9999183425,0.5689856696
"01/21/2019, 14:36:00",0.993901929,0.9989393925,0.9996065918
"01/21/2019, 14:38:00",0.9929756727,0.9992509465,0.9976269082
"01/21/2019, 14:40:00",0.9959978444,0.9994647076,0.9984221989
"01/21/2019, 14:42:00",0.9809083435,0.9988184865,0.9988825035
"01/21/2019, 14:44:00",0.985884968,0.9994682924,0.9925672558
"01/21/2019, 14:46:00",0.9841090294,0.9994668057,0.9718379371
"01/21/2019, 14:48:00",0.9953061036,0.9843292954,0.5330996902
"01/21/2019, 14:50:00",0.9661702582,0.870328459,0.9956518526
"01/21/2019, 14:52:00",0.9994879946,0.9750087868,0.9971452898
"01/21/2019, 14:54:00",0.9984699282,0.9684874508,0.9694210146
"01/21/2019, 14:56:00",0.9924226731,0.924159736,0.9934616478
"01/21/2019, 14:58:00",0.929512475,0.9552726278,0.9541626068
"01/21/2019, 15:00:00",0.999802701,0.8601589949,0.9722325928
"01/21/2019, 15:02:00",0.7981486638,0.7632297242,0.9862056472
"01/21/2019, 15:04:00",0.9875298488,0.9418355241,0.9251714984
"01/21/2019, 15:06:00",0.9893707052,0.9294295866,0.9814209792
"01/21/2019, 15:08:00",0.9803345496,0.95140165,0.9743731799
"01/21/2019, 15:10:00",0.9396202243,0.9962601472,0.9855508139
"01/21/2019, 15:12:00",0.956815841,0.9866989249,0.9944673381
"01/21/2019, 15:14:00",0.9619830117,0.9918219862,0.998552142
"01/21/2019, 15:16:00",0.9960335178,0.9920321313,0.9810470955
"01/21/2019, 15:18:00",0.9774213416,0.9814815668,0.7979139206
"01/21/2019, 15:20:00",0.9964213632,0.9896182604,0.9841089833
"01/21/2019, 15:22:00",0.4617459808,0.9946388425,0.9977190715
"01/21/2019, 15:24:00",0.9521850972,0.9716330537,0.9897117513
"01/21/2019, 15:26:00",0.9979782,0.9899028269,0.9406060242
"01/21/2019, 15:28:00",0.9839923078,0.9652720972,0.9973019216
"01/21/2019, 15:30:00",0.9867292793,0.2440294627,0.9950123677
"01/21/2019, 15:32:00",0.9786688552,0.9481138058,0.999440634
"01/21/2019, 15:34:00",0.9964734957,0.9437293176,0.972559695
"01/21/2019, 15:36:00",0.9966010207,0.9749210276,0.9990514653
"01/21/2019, 15:38:00",0.9945748826,0.9949320821,0.9815093733
"01/21/2019, 15:40:00",0.9837031736,0.9494011202,0.9968960164
"01/21/2019, 15:42:00",0.9659539347,0.9872192891,0.9268799389
"01/21/2019, 15:44:00",0.9822352045,0.9439735493,0.990704758
"01/21/2019, 15:46:00",0.9694917676,0.9966900295,0.9959242698
"01/21/2019, 15:48:00",0.9830270777,0.9933179231,0.9963445813
"01/21/2019, 15:50:00",0.9623938012,0.9870152398,0.9859209418
"01/21/2019, 15:52:00",0.9754249566,0.991412301,0.9578296741
"01/21/2019, 15:54:00",0.985098468,0.9531367286,0.9889425345
"01/21/2019, 15:56:00",0.9552493174,0.9782595165,0.9933833666
"01/21/2019, 15:58:00",0.9894054339,0.9680025965,0.8887950928
"01/21/2019, 16:00:00",0.357696922,0.9730416126,0.9721035713
"01/21/2019, 16:02:00",0.9734467817,0.9927768326,0.8732247574
"01/21/2019, 16:04:00",0.8397334717,0.9993146008,0.9862861525
"01/21/2019, 16:06:00",0.9869386039,0.9866267431,0.9767576418
"01/21/2019, 16:08:00",0.998020731,0.9740881323,0.9804743763
"01/21/2019, 16:10:00",0.9825241267,0.9910648431,0.9839812755
"01/21/2019, 16:12:00",0.9906099684,0.8326755054,0.9758515254
"01/21/2019, 16:14:00",0.9978987645,0.9786594002,0.9659815386
"01/21/2019, 16:16:00",0.9820246147,0.9847651077,0.9524576431
"01/21/2019, 16:18:00",0.9932351083,0.9467323477,0.8862810738
"01/21/2019, 16:20:00",0.9888930137,0.9961036233,0.9978537429
"01/21/2019, 16:22:00",0.9763916457,0.9877678927,0.9973972371
"01/21/2019, 16:24:00",0.9230625449,0.9987874584,0.9901722995
"01/21/2019, 16:26:00",0.9738070821,0.9604125289,0.985579874
"01/21/2019, 16:28:00",0.9910611284,0.9291514698,0.9932348771
"01/21/2019, 16:30:00",0.8254489607,0.9673424404,0.8598816674
"01/21/2019, 16:32:00",0.9954718073,0.9844468376,0.9795255658
"01/21/2019, 16:34:00",0.9965821581,0.9352310274,0.9900431897
"01/21/2019, 16:36:00",0.9953507237,0.9936825927,0.9978070753
"01/21/2019, 16:38:00",0.9559213332,0.97670808,0.9629021545
"01/21/2019, 16:40:00",,,
"01/21/2019, 16:42:00",0.9638364941,0.4062552299,0.3323821223
"01/21/2019, 16:44:00",0.9366933845,0.9934125165,0.9844681057
"01/21/2019, 16:46:00",0.8529029019,0.9722163015,0.7271598519
"01/21/2019, 16:48:00",0.9833807673,0.9108574029,0.411848255
"01/21/2019, 16:50:00",0.9939057986,0.9966946902,0.7809275188
"01/21/2019, 16:52:00",0.9987231735,0.9964271167,0.9986347551
"01/21/2019, 16:54:00",0.9988992443,0.9973192032,0.9974487436
"01/21/2019, 16:56:00",0.9171190863,0.9521217804,0.9978106535
"01/21/2019, 16:58:00",0.9197369266,0.9996074631,0.7188252339
"01/21/2019, 17:00:00",0.9984119614,0.2620209814,0.9460273763
"01/21/2019, 17:02:00",0.9960811098,0.9719051773,0.9941961592
"01/21/2019, 17:04:00",0.9989902929,0.9981236036,0.9817624847
"01/21/2019, 17:06:00",0.9998260597,0.897539778,0.5152627702
"01/21/2019, 17:08:00",0.98679867,0.9995876454,0.9856796506
"01/21/2019, 17:10:00",0.9889732485,0.9994361503,0.9360634149
"01/21/2019, 17:12:00",0.9895814527,0.7399317919,0.9008461164
"01/21/2019, 17:14:00",0.9856322124,0.9923522017,0.6974089523
"01/21/2019, 17:16:00",0.9898315259,0.9939420556,0.9458624164
"01/21/2019, 17:18:00",0.9964913395,0.9937594754,0.9832553919
"01/21/2019, 17:20:00",0.9998770608,0.9988045183,0.982248452
"01/21/2019, 17:22:00",0.9952475291,0.9624318329,0.9934260583
"01/21/2019, 17:24:00",0.9537418568,0.9643259589,0.7149194909
"01/21/2019, 17:26:00",0.9767340357,0.9912928061,0.8003459232
"01/21/2019, 17:28:00",0.9854598973,0.8757122052,0.9175581018
"01/21/2019, 17:30:00",0.9891903694,0.2573542066,0.9441202499
"01/21/2019, 17:32:00",0.9660687662,0.9976361414,0.9970761614
"01/21/2019, 17:34:00",0.7930013007,0.9977247168,0.9560053645
"01/21/2019, 17:36:00",0.9994915084,0.4027274926,0.9652983639
"01/21/2019, 17:38:00",0.989862357,0.9950053839,0.9899616977
"01/21/2019, 17:40:00",0.9985751722,0.9932221859,0.9790249101
"01/21/2019, 17:42:00",0.996950857,0.7983047093,0.4205040881
"01/21/2019, 17:44:00",0.9795047873,0.9881004087,0.9593061033
"01/21/2019, 17:46:00",0.9580025307,0.9169242799,0.9668604523
"01/21/2019, 17:48:00",0.9975660284,0.9974852144,0.9942938749
"01/21/2019, 17:50:00",0.9994646621,0.9706736383,0.9860196108
"01/21/2019, 17:52:00",0.983843276,0.9959312466,0.9907081676
"01/21/2019, 17:54:00",0.9669735322,0.9995765176,0.9819162992
"01/21/2019, 17:56:00",0.9633320844,0.9982129698,0.9962086547
"01/21/2019, 17:58:00",0.9970482715,0.9981858626,0.9919403077
"01/21/2019, 18:00:00",0.999251785,0.4439597157,0.2630031729
"01/21/2019, 18:02:00",0.9884842217,0.9490071029,0.7725615994
"01/21/2019, 18:04:00",0.9949820157,0.9575306176,0.9867852074
"01/21/2019, 18:06:00",0.991045841,0.9956934578,0.9992125475
"01/21/2019, 18:08:00",0.9702208079,0.998853991,0.9985048959
"01/21/2019, 18:10:00",0.9956444228,0.9849162765,0.9921407929
"01/21/2019, 18:12:00",0.9415963407,0.9990397262,0.9026976911
"01/21/2019, 18:14:00",0.9994244192,0.9994756129,0.685442824
"01/21/2019, 18:16:00",0.9999428148,0.9998172354,0.7057763395
"01/21/2019, 18:18:00",0.9991103853,0.8140762931,0.6086210605
"01/21/2019, 18:20:00",0.9879742904,0.9949603463,0.9989169238
"01/21/2019, 18:22:00",0.6001049551,0.9733590099,0.9652969721
"01/21/2019, 18:24:00",0.9972662633,0.9901250094,0.9981430029
"01/21/2019, 18:26:00",0.9917775039,0.99926703,0.9702548571
"01/21/2019, 18:28:00",0.9975827511,0.9934218438,0.9956675414
"01/21/2019, 18:30:00",0.997453288,0.2501027848,0.9979682136
"01/21/2019, 18:32:00",0.9997625933,0.9714914241,0.9792325286
"01/21/2019, 18:34:00",0.8976569721,0.9987343488,0.992545428
"01/21/2019, 18:36:00",0.9997884651,0.9869045686,0.9881978771
"01/21/2019, 18:38:00",0.9989865607,0.9965539607,0.9810932766
"01/21/2019, 18:40:00",0.9924155313,0.9804819749,0.9978644154
"01/21/2019, 18:42:00",0.9993985576,0.9810405753,0.9685772488
"01/21/2019, 18:44:00",0.9990714727,0.9930161901,0.9990465972
"01/21/2019, 18:46:00",0.9543676844,0.9542749169,0.8165053849
"01/21/2019, 18:48:00",0.9912371971,0.9995962728,0.9878483268
"01/21/2019, 18:50:00",0.9992018824,0.9980221714,0.9561361899
"01/21/2019, 18:52:00",0.9976068062,0.9748491,0.9961745372
"01/21/2019, 18:54:00",0.9995043286,0.9796417099,0.7799050928
"01/21/2019, 18:56:00",0.9974413985,0.9937230501,0.9890912725
"01/21/2019, 18:58:00",0.9756914276,0.9774437702,0.9818736611
"01/21/2019, 19:00:00",0.9993739299,0.9815356271,0.9977370636
"01/21/2019, 19:02:00",0.5264969864,0.5025288344,0.7145935389
"01/21/2019, 19:04:00",0.945405773,0.9814906366,0.9916919111
"01/21/2019, 19:06:00",0.994582027,0.9708265732,0.9767746251
"01/21/2019, 19:08:00",0.9907080691,0.9791657139,0.6917279116
"01/21/2019, 19:10:00",0.9804007611,0.9970714498,0.9952983744
"01/21/2019, 19:12:00",0.9752808425,0.9829434221,0.9948649878
"01/21/2019, 19:14:00",0.9975117422,0.991446581,0.9815389241
"01/21/2019, 19:16:00",0.9970420641,0.9792558928,0.9996295562
"01/21/2019, 19:18:00",0.9970250023,0.9107844894,0.99641865
"01/21/2019, 19:20:00",0.9643350407,0.9840180685,0.9951606249
"01/21/2019, 19:22:00",0.9893053136,0.9686038089,0.9603924041
"01/21/2019, 19:24:00",0.9941663192,0.9973939014,0.9415416615
"01/21/2019, 19:26:00",0.9978756579,0.456812121,0.7271882343
"01/21/2019, 19:28:00",0.99946362,0.887163889,0.9956167455
"01/21/2019, 19:30:00",0.9515273143,0.9982059616,0.6137916167
"01/21/2019, 19:32:00",0.9818278784,0.9967366362,0.7260498874
"01/21/2019, 19:34:00",0.9997748517,0.9231608252,0.7277548765
"01/21/2019, 19:36:00",0.972974161,0.9922016027,0.9677579425
"01/21/2019, 19:38:00",0.1100717837,0.9796812497,0.9911363903
"01/21/2019, 19:40:00",0.8843373835,0.9922598558,0.9976565335
"01/21/2019, 19:42:00",0.994349182,0.9756095027,0.998840441
"01/21/2019, 19:44:00",0.991796429,0.998895083,0.9993869927
"01/21/2019, 19:46:00",0.9967728593,0.9553170452,0.9971463286
"01/21/2019, 19:48:00",0.9984790276,0.9912862156,0.9908896031
"01/21/2019, 19:50:00",0.9631791506,0.8417269984,0.7895415752
"01/21/2019, 19:52:00",0.9998759881,0.458871016,0.4560981439
"01/21/2019, 19:54:00",0.9874872643,0.9700705594,0.9973094737
"01/21/2019, 19:56:00",0.9757525089,0.9971881689,0.9986054657
"01/21/2019, 19:58:00",0.9902839142,0.9938339021,0.9911141087
"01/21/2019, 20:00:00",0.9398803268,0.9943542952,0.8376788321
"01/21/2019, 20:02:00",0.9925343123,0.9963546383,0.9902597465
"01/21/2019, 20:04:00",0.8497383265,0.9665680469,0.9964832058
"01/21/2019, 20:06:00",0.9717467569,0.9942701916,0.997000936
"01/21/2019, 20:08:00",0.9980401581,0.9959150719,0.9709760797
"01/21/2019, 20:10:00",0.9748790772,0.8649809353,0.9852115997
"01/21/2019, 20:12:00",0.9984686321,0.9878385475,0.9512985682
"01/21/2019, 20:14:00",0.9994933539,0.9732409294,0.9968385759
"01/21/2019, 20:16:00",0.9147356655,0.9829855431,0.9965966102
"01/21/2019, 20:18:00",0.9987924219,0.7986474555,0.9988960182
"01/21/2019, 20:20:00",0.9860673974,0.9984992329,0.9640128154
"01/21/2019, 20:22:00",0.9976101508,0.9971403584,0.9895792631
"01/21/2019, 20:24:00",0.9690451582,0.9970570926,0.9960148129
"01/21/2019, 20:26:00",0.9593199125,0.9998516769,0.9782092406
"01/21/2019, 20:28:00",0.973015424,0.9939656514,0.9966456154
"01/21/2019, 20:30:00",0.9642666741,0.9575872709,0.9998027068
"01/21/2019, 20:32:00",0.9571400344,0.9995588922,0.9955007998
"01/21/2019, 20:34:00",0.98912012,0.9976628492,0.9887478591
"01/21/2019, 20:36:00",0.9977200484,0.961865383,0.8229847146
"01/21/2019, 20:38:00",0.9952379248,0.6146229865,0.9951770846
"01/21/2019, 20:40:00",0.9978154893,0.9824956657,0.9977906207
"01/21/2019, 20:42:00",0.9259946753,0.9388965019,0.8865645906
"01/21/2019, 20:44:00",0.9342605852,0.9834698563,0.9988213734
"01/21/2019, 20:46:00",0.9594602355,0.9985970024,0.972195845
"01/21/2019, 20:48:00",0.9874395311,0.9997554384,0.9994537078
"01/21/2019, 20:50:00",0.988900199,0.9497760385,0.7481539684
"01/21/2019, 20:52:00",0.9681329863,0.9999720365,0.9870589612
"01/21/2019, 20:54:00",0.9636570609,0.9890040457,0.5791255248
"01/21/2019, 20:56:00",0.9937516419,0.9997370546,0.4722837791
"01/21/2019, 20:58:00",0.9984879129,0.9998495482,0.9135634332
"01/21/2019, 21:00:00",0.9998345223,0.9937156088,0.9982468422
"01/21/2019, 21:02:00",0.9992913538,0.9989843596,0.9997245627
"01/21/2019, 21:04:00",0.9977355277,0.9977198359,0.9954994263
"01/21/2019, 21:06:00",0.9461378317,0.9951518987,0.9996439525
"01/21/2019, 21:08:00",0.6552232634,0.9874781495,0.9966971814
"01/21/2019, 21:10:00",0.9743718787,0.997963364,0.9947798121
"01/21/2019, 21:12:00",0.9891796286,0.9972022769,0.9942500723
"01/21/2019, 21:14:00",0.9995251368,0.9998471862,0.8754500475
"01/21/2019, 21:16:00",0.9981841372,0.9985977375,0.427799153
"01/21/2019, 21:18:00",0.954795528,0.9460864389,0.997653934
"01/21/2019, 21:20:00",0.9079670685,0.9959157691,0.9979225875
"01/21/2019, 21:22:00",0.9868971796,0.9898775553,0.9974089781
"01/21/2019, 21:24:00",0.9718796099,0.984831854,0.4092038662
"01/21/2019, 21:26:00",0.8720301218,0.8646217975,0.9292980067
"01/21/2019, 21:28:00",0.9753886046,0.9941102188,0.9420376691
"01/21/2019, 21:30:00",0.9347342395,0.8379992883,0.8370574156
"01/21/2019, 21:32:00",0.8626935262,0.9981761097,0.9733752393
"01/21/2019, 21:34:00",0.8654422744,0.7175397171,0.8421966594
"01/21/2019, 21:36:00",0.9816907989,0.9912691354,0.9448847112
"01/21/2019, 21:38:00",0.5285397466,0.6145383571,0.7212507036
"01/21/2019, 21:40:00",0.9819266003,0.9995873414,0.8944084972
"01/21/2019, 21:42:00",0.9883908796,0.9989509359,0.9803638953
"01/21/2019, 21:44:00",0.9967988927,0.9981666358,0.5240514936
"01/21/2019, 21:46:00",0.8963494852,0.9960680591,0.9226465729
"01/21/2019, 21:48:00",0.9723352151,0.9980927965,0.9799030299
"01/21/2019, 21:50:00",0.7381212758,0.9903985023,0.9856979931
"01/21/2019, 21:52:00",0.9949544141,0.9919157901,0.9712313398
"01/21/2019, 21:54:00",0.998853479,0.9979070992,0.988655818
"01/21/2019, 21:56:00",0.9835789081,0.9448664043,0.9914957208
"01/21/2019, 21:58:00",0.9957874609,0.9891594626,0.9835758165
"01/21/2019, 22:00:00",0.9782917788,0.9750738506,0.8078228067
"01/21/2019, 22:02:00",0.992064481,0.995731194,0.8402578016
"01/21/2019, 22:04:00",0.9905483197,0.9874979972,0.9725838469
"01/21/2019, 22:06:00",0.9990098307,0.9890332107,0.995028703
"01/21/2019, 22:08:00",0.9997454813,0.9937818112,0.9991930111
"01/21/2019, 22:10:00",0.9979703148,0.9982943882,0.9992554841
"01/21/2019, 22:12:00",0.998241064,0.9986948941,0.995916263
"01/21/2019, 22:14:00",0.9911008209,0.9192933874,0.9957663448
"01/21/2019, 22:16:00",0.9377898041,0.9910601935,0.8734572016
"01/21/2019, 22:18:00",0.9886488419,0.9171005152,0.9821035141
"01/21/2019, 22:20:00",0.999333594,0.994165487,0.9941878635
"01/21/2019, 22:22:00",0.9994020441,0.9981530705,0.9929535738
"01/21/2019, 22:24:00",0.9388565832,0.876864077,0.9902831157
"01/21/2019, 22:26:00",0.8955927419,0.9978739384,0.9972493346
"01/21/2019, 22:28:00",0.9617751152,0.9278267949,0.4101851472
"01/21/2019, 22:30:00",0.3513198571,0.9838280687,0.9766140478
"01/21/2019, 22:32:00",0.9988020999,0.9965278206,0.9942714504
"01/21/2019, 22:34:00",0.9989547341,0.9949703071,0.9878389894
"01/21/2019, 22:36:00",0.9823837693,0.9586991678,0.9909154414
"01/21/2019, 22:38:00",0.9986002145,0.9401450385,0.998285104
"01/21/2019, 22:40:00",0.992056331,0.983317821,0.9968275502
"01/21/2019, 22:42:00",0.9991486241,0.9740864214,0.7650993209
"01/21/2019, 22:44:00",0.9912309304,0.9069890648,0.6911439134
"01/21/2019, 22:46:00",0.989404628,0.9857405731,0.9988087124
"01/21/2019, 22:48:00",0.585649179,0.9848752492,0.953802727
"01/21/2019, 22:50:00",0.9974536602,0.995623473,0.9488278095
"01/21/2019, 22:52:00",0.9670724836,0.9691806054,0.9980021738
"01/21/2019, 22:54:00",0.8271763097,0.9934585438,0.9481957899
"01/21/2019, 22:56:00",0.9910821665,0.9987294047,0.9946839456
"01/21/2019, 22:58:00",0.9991408558,0.9582916193,0.5969060205
"01/21/2019, 23:00:00",0.9995515989,0.9984521646,0.986266656
"01/21/2019, 23:02:00",0.996596094,0.9950217924,0.984395277
"01/21/2019, 23:04:00",0.9911944259,0.9873381685,0.9834845455
"01/21/2019, 23:06:00",0.9948807239,0.9962059574,0.9714702321
"01/21/2019, 23:08:00",0.9697333296,0.9865243098,0.9632591632
"01/21/2019, 23:10:00",0.9870949325,0.9976513938,0.9689906859
"01/21/2019, 23:12:00",0.9865314957,0.9927986708,0.992231011
"01/21/2019, 23:14:00",0.9996173497,0.9994710945,0.9829903071
"01/21/2019, 23:16:00",0.9330506578,0.9538468599,0.9775199745
"01/21/2019, 23:18:00",0.9992348896,0.9883229666,0.9858938214
"01/21/2019, 23:20:00",0.9936383911,0.9942240234,0.9823799969
"01/21/2019, 23:22:00",0.9855265004,0.9917842709,0.9888880912
"01/21/2019, 23:24:00",0.2961989108,0.9814029619,0.1325875035
"01/21/2019, 23:26:00",0.9904140357,0.9987307504,0.9732972157
"01/21/2019, 23:28:00",0.9806195604,0.9854733789,0.9922788064
"01/21/2019, 23:30:00",0.9954015012,0.9146908192,0.9695387006
"01/21/2019, 23:32:00",0.9876262425,0.9972108632,0.9881258778
"01/21/2019, 23:34:00",0.9105722096,0.9837061807,0.9574855353
"01/21/2019, 23:36:00",0.9780328631,0.9906548291,0.9778835251
"01/21/2019, 23:38:00",0.9391880579,0.9970215089,0.9992210418
"01/21/2019, 23:40:00",0.9888969602,0.9938134331,0.9964141884
"01/21/2019, 23:42:00",0.9808139654,0.993879795,0.9982248053
"01/21/2019, 23:44:00",0.9873494789,0.9981863862,0.9979000835
"01/21/2019, 23:46:00",0.9932412247,0.9760432795,0.9995062181
"01/21/2019, 23:48:00",0.986524158,0.9847971132,0.9977748071
"01/21/2019, 23:50:00",0.9977897757,0.9978381754,0.9908986692
"01/21/2019, 23:52:00",0.9729413882,0.9965732529,0.9959816719
"01/21/2019, 23:54:00",0.9990551057,0.9993619031,0.9970286002
"01/21/2019, 23:56:00",0.9959494874,0.9980898137,0.9922426011
"01/21/2019, 23:58:00",0.9985394703,0.9932587612,0.9949089341
"01/22/2019, 00:00:00",0.9894651555,0.9912528075,0.8163244811
"01/22/2019, 00:02:00",0.9934999122,0.9794685108,0.9995020225
"01/22/2019, 00:04:00",0.9995969202,0.7409004707,0.9980984112
"01/22/2019, 00:06:00",0.9977657966,0.986619813,0.9995313006
"01/22/2019, 00:08:00",0.9801638006,0.9994875572,0.9952397852
"01/22/2019, 00:10:00",0.9993605354,0.9929631398,0.9969538493
"01/22/2019, 00:12:00",0.8967473007,0.9987164815,0.9997944192
"01/22/2019, 00:14:00",0.9985681544,0.9980525606,0.9925601468
"01/22/2019, 00:16:00",0.9998479252,0.9904821446,0.9999714969
"01/22/2019, 00:18:00",0.999841165,0.9964319672,0.9999155525
"01/22/2019, 00:20:00",0.9992366017,0.988113825,0.944643205
"01/22/2019, 00:22:00",0.9988292549,0.9992342837,0.9973400923
"01/22/2019, 00:24:00",0.9959354428,0.9983818158,0.9969241095
"01/22/2019, 00:26:00",0.9700471484,0.8057485298,0.999610365
"01/22/2019, 00:28:00",0.9797687836,0.4595156886,0.7330450243
"01/22/2019, 00:30:00",0.5369337235,0.9796337294,0.2932604962
"01/22/2019, 00:32:00",0.9851632198,0.9890856449,0.9895834864
"01/22/2019, 00:34:00",0.9287861413,0.9975811071,0.9149943392
"01/22/2019, 00:36:00",0.9997876897,0.9933736961,0.9955461573
"01/22/2019, 00:38:00",0.9999714355,0.9911862627,0.9830830663
"01/22/2019, 00:40:00",0.9980404345,0.9995217271,0.995609828
"01/22/2019, 00:42:00",0.9920032283,0.9997048619,0.9997904883
"01/22/2019, 00:44:00",0.9914526758,0.9989881559,0.9989673712
"01/22/2019, 00:46:00",0.9978726439,0.9961693475,0.9998268285
"01/22/2019, 00:48:00",0.9970746149,0.966066684,0.5204679182
"01/22/2019, 00:50:00",0.9998898768,0.9915508608,0.999843663
"01/22/2019, 00:52:00",0.6070550553,0.9875252676,0.9972629751
"01/22/2019, 00:54:00",0.9997270686,0.9996956374,0.9912455796
"01/22/2019, 00:56:00",0.9900518077,0.9987852435,0.9040758016
"01/22/2019, 00:58:00",0.9995702009,0.9994369369,0.9069467171
"01/22/2019, 01:00:00",0.304530916,0.9840623872,0.8091765341
"01/22/2019, 01:02:00",0.9790821472,0.9940664153,0.949212857
"01/22/2019, 01:04:00",0.9850261947,0.912301437,0.9994667881
"01/22/2019, 01:06:00",0.9928405499,0.9953438218,0.9999806085
"01/22/2019, 01:08:00",0.9787900318,0.9781695998,0.9994338942
"01/22/2019, 01:10:00",0.9731410116,0.9989289313,0.9877531496
"01/22/2019, 01:12:00",0.9852758667,0.9899843037,0.9894267837
"01/22/2019, 01:14:00",0.9991046737,0.9999361561,0.9699021702
"01/22/2019, 01:16:00",0.9851121628,0.9893060856,0.9913043128
"01/22/2019, 01:18:00",0.9843686639,0.9949089086,0.9640660793
"01/22/2019, 01:20:00",0.9983777123,0.9915494268,0.9992116522
"01/22/2019, 01:22:00",0.9993400844,0.9254444554,0.983319535
"01/22/2019, 01:24:00",0.9993153688,0.9807641298,0.9456516283
"01/22/2019, 01:26:00",0.9230818309,0.8931636732,0.9926363306
"01/22/2019, 01:28:00",0.9754520784,0.2293391173,0.3464820738
"01/22/2019, 01:30:00",0.9493089724,0.9995528523,0.981479563
"01/22/2019, 01:32:00",0.9374503477,0.9955875393,0.9568797327
"01/22/2019, 01:34:00",0.9938122872,0.8053502942,0.9657939856
"01/22/2019, 01:36:00",0.9573523783,0.7665913355,0.9931526518
"01/22/2019, 01:38:00",0.9565117152,0.9823467841,0.9886951957
"01/22/2019, 01:40:00",0.9849697175,0.9988176575,0.9936525603
"01/22/2019, 01:42:00",0.9968189722,0.9993949067,0.9996067206
"01/22/2019, 01:44:00",0.9795973553,0.9799816305,0.5396870611
"01/22/2019, 01:46:00",0.9988537981,0.9980891434,0.9871692071
"01/22/2019, 01:48:00",0.4145478,0.966358115,0.4403006626
"01/22/2019, 01:50:00",0.9935868734,0.9910177429,0.9633694693
"01/22/2019, 01:52:00",0.9961928128,0.9915547353,0.9689324062
"01/22/2019, 01:54:00",0.9398592047,0.9955422592,0.9468081671
"01/22/2019, 01:56:00",0.9979830224,0.9976456459,0.9868328823
"01/22/2019, 01:58:00",0.9970302379,0.984372258,0.9885904071
"01/22/2019, 02:00:00",0.8389191366,0.9520319633,0.984694386
"01/22/2019, 02:02:00",0.9739047491,0.6855391434,0.9679042531
"01/22/2019, 02:04:00",0.9935882221,0.9183097525,0.9789529982
"01/22/2019, 02:06:00",0.9481419255,0.9827398043,0.9597134147
"01/22/2019, 02:08:00",0.9831659545,0.9535650209,0.9417007665
"01/22/2019, 02:10:00",0.9795275863,0.9720188073,0.6254818802
"01/22/2019, 02:12:00",0.9073761856,0.9063386718,0.9836388679
"01/22/2019, 02:14:00",0.9896701354,0.9466029354,0.8659550851
"01/22/2019, 02:16:00",0.7974424029,0.9798899455,0.9780675312
"01/22/2019, 02:18:00",0.980719419,0.9294436624,0.9705168744
"01/22/2019, 02:20:00",0.9707826492,0.9962456675,0.9959924663
"01/22/2019, 02:22:00",0.9881994168,0.8809446199,0.9419095785
"01/22/2019, 02:24:00",0.9388362209,0.972825564,0.86535311
"01/22/2019, 02:26:00",0.9960400515,0.9956637606,0.9780701145
"01/22/2019, 02:28:00",0.889357094,0.8649917124,0.9677152421
"01/22/2019, 02:30:00",0.9284645887,0.8808694616,0.5509067509
"01/22/2019, 02:32:00",0.9922459703,0.9977570593,0.5526175052
"01/22/2019, 02:34:00",0.9525495716,0.9979945486,0.99043626
"01/22/2019, 02:36:00",0.9947380402,0.957161855,0.6799679907
"01/22/2019, 02:38:00",0.9931611825,0.998797318,0.9812218425
"01/22/2019, 02:40:00",0.9247714781,0.8731492688,0.9199079309
"01/22/2019, 02:42:00",0.9942333684,0.9776150317,0.8914477555
"01/22/2019, 02:44:00",0.9539791053,0.9254400034,0.3273438942
"01/22/2019, 02:46:00",0.9911731034,0.9699510517,0.9887682136
"01/22/2019, 02:48:00",0.8995359296,0.956600844,0.9689385606
"01/22/2019, 02:50:00",0.9483427154,0.9362690906,0.9984988723
"01/22/2019, 02:52:00",0.9705824258,0.9873864771,0.6503667858
"01/22/2019, 02:54:00",0.9787452083,0.9869006474,0.9430455444
"01/22/2019, 02:56:00",0.996795885,0.9964397238,0.9944052696
"01/22/2019, 02:58:00",0.9689860405,0.9846563648,0.9848951344
"01/22/2019, 03:00:00",0.9911680517,0.9997058322,0.9733509805
"01/22/2019, 03:02:00",0.9740157409,0.9315167881,0.9913101925
"01/22/2019, 03:04:00",0.9512742339,0.969952821,0.9639602906
"01/22/2019, 03:06:00",0.9930096579,0.9914264698,0.7362630246
"01/22/2019, 03:08:00",0.9756367132,0.9912445454,0.9943890514
"01/22/2019, 03:10:00",0.9981046808,0.9966373597,0.9949673195
"01/22/2019, 03:12:00",0.9912807952,0.9992513073,0.9961407191
"01/22/2019, 03:14:00",0.9984995402,0.9996200189,0.9988062248
"01/22/2019, 03:16:00",0.9997642871,0.9994352137,0.9978741163
"01/22/2019, 03:18:00",0.9997546945,0.9968499309,0.9994160804
"01/22/2019, 03:20:00",0.9965887204,0.9956501278,0.9951597038
"01/22/2019, 03:22:00",0.9929944164,0.9990480071,0.9980620128
"01/22/2019, 03:24:00",0.9953365138,0.9998721755,0.9926067376
"01/22/2019, 03:26:00",0.9966036852,0.9974224043,0.9977352356
"01/22/2019, 03:28:00",0.993237568,0.9998029673,0.9938859659
"01/22/2019, 03:30:00",0.3514689023,0.9894009521,0.9944786568
"01/22/2019, 03:32:00",0.9945911111,0.9947001295,0.9952754803
"01/22/2019, 03:34:00",0.9946052113,0.9862081463,0.9955576943
"01/22/2019, 03:36:00",0.9976900343,0.999063198,0.9963846001
"01/22/2019, 03:38:00",0.9999322618,0.9951650331,0.9417247321
"01/22/2019, 03:40:00",0.9999239721,0.9997356846,0.9640255944
"01/22/2019, 03:42:00",0.9994788827,0.9998523616,0.9954862723
"01/22/2019, 03:44:00",0.9973473206,0.9962779665,0.9964309389
"01/22/2019, 03:46:00",0.9988931451,0.9992237716,0.9990062134
"01/22/2019, 03:48:00",0.9731303063,0.9660824331,0.9994808758
"01/22/2019, 03:50:00",0.9950655292,0.9776983728,0.9943860847
"01/22/2019, 03:52:00",0.998268019,0.970631211,0.9986072526
"01/22/2019, 03:54:00",0.9965362394,0.834219379,0.9988369407
"01/22/2019, 03:56:00",0.9937888813,0.9804868904,0.9968003597
"01/22/2019, 03:58:00",0.9994119565,0.9763718953,0.9886855061
"01/22/2019, 04:00:00",0.9996147326,0.9991809934,0.86594351
"01/22/2019, 04:02:00",0.9880576206,0.9093392594,0.9518561016
"01/22/2019, 04:04:00",0.9984405262,0.9984046445,0.9980080534
"01/22/2019, 04:06:00",0.9995101996,0.9995146014,0.9999342431
"01/22/2019, 04:08:00",0.999679278,0.9196683729,0.9994322295
"01/22/2019, 04:10:00",0.8880579827,0.9787194246,0.9979697141
"01/22/2019, 04:12:00",0.997281882,0.9886198285,0.9678028521
"01/22/2019, 04:14:00",0.9987925976,0.9863673783,0.9997698133
"01/22/2019, 04:16:00",0.9955579822,0.9095058279,0.9988591557
"01/22/2019, 04:18:00",0.9962758185,0.999353573,0.6664492172
"01/22/2019, 04:20:00",0.9694218195,0.986143882,0.9840615306
"01/22/2019, 04:22:00",0.9983048035,0.9987238231,0.9947530326
"01/22/2019, 04:24:00",0.9991050287,0.9999588286,0.9980866515
"01/22/2019, 04:26:00",0.9881228671,0.9994503395,0.954776872
"01/22/2019, 04:28:00",0.33826114,0.3976147057,0.466423281
"01/22/2019, 04:30:00",0.9963830332,0.9720756062,0.9625900915
"01/22/2019, 04:32:00",0.9919093926,0.9857714206,0.9997971566
"01/22/2019, 04:34:00",0.9893595284,0.9960482453,0.9955302998
"01/22/2019, 04:36:00",0.9966435677,0.9511740662,0.9973584789
"01/22/2019, 04:38:00",0.9965353866,0.9984553311,0.9700377973
"01/22/2019, 04:40:00",0.9870211198,0.9833138117,0.9998041661
"01/22/2019, 04:42:00",0.9996810114,0.981532996,0.9975360495
"01/22/2019, 04:44:00",0.9976741074,0.9971132619,0.9917973906
"01/22/2019, 04:46:00",0.9938533948,0.9993107797,0.9985234189
"01/22/2019, 04:48:00",0.998955828,0.9572554852,0.9957338893
"01/22/2019, 04:50:00",0.9953575333,0.999973709,0.9985173828
"01/22/2019, 04:52:00",0.9996862547,0.9995482644,0.9939897722
"01/22/2019, 04:54:00",0.9909132518,0.9995914643,0.9972176706
"01/22/2019, 04:56:00",0.9998321164,0.9998283988,0.9987994246
"01/22/2019, 04:58:00",0.9993234092,0.9914795463,0.9083980242
"01/22/2019, 05:00:00",0.9832896197,0.9910573693,0.9983082953
"01/22/2019, 05:02:00",0.903110921,0.9996110794,0.2605589715
"01/22/2019, 05:04:00",0.9965659265,0.9834683582,0.9574212047
"01/22/2019, 05:06:00",0.9883393914,0.9985287683,0.99975672
"01/22/2019, 05:08:00",0.9965014284,0.996952901,0.9971951191
"01/22/2019, 05:10:00",0.9972116722,0.9952873238,0.997087897
"01/22/2019, 05:12:00",0.9991950202,0.9977941662,0.981325482
"01/22/2019, 05:14:00",0.993198729,0.9995118416,0.9884609055
"01/22/2019, 05:16:00",0.9874735946,0.9999167966,0.9997853305
"01/22/2019, 05:18:00",0.9981209987,0.9994071217,0.7697221317
"01/22/2019, 05:20:00",0.999025179,0.993636844,0.9741755021
"01/22/2019, 05:22:00",0.9992252183,0.9993573585,0.9992856989
"01/22/2019, 05:24:00",0.9989670347,0.9996812528,0.9973289372
"01/22/2019, 05:26:00",0.9940579529,0.9989388918,0.9993586492
"01/22/2019, 05:28:00",0.5936561035,0.9870154974,0.5255323886
"01/22/2019, 05:30:00",0.9979283687,0.9945111662,0.9995539854
"01/22/2019, 05:32:00",0.9986888002,0.9853581807,0.992796619
"01/22/2019, 05:34:00",0.9995511221,0.9951643537,0.9956137647
"01/22/2019, 05:36:00",0.9974841979,0.9989327035,0.9950173551
"01/22/2019, 05:38:00",0.5160306871,0.5107139938,0.4992391181
"01/22/2019, 05:40:00",0.9866301402,0.9982217052,0.9979574639
"01/22/2019, 05:42:00",0.9995823424,0.9933524981,0.9993913773
"01/22/2019, 05:44:00",0.9974003271,0.884626791,0.9967858645
"01/22/2019, 05:46:00",0.9899361232,0.9999352032,0.9992568908
"01/22/2019, 05:48:00",0.9998612035,0.9977036971,0.9630112681
"01/22/2019, 05:50:00",0.9994880371,0.9997844935,0.991323933
"01/22/2019, 05:52:00",0.9284400396,0.9924625144,0.999085379
"01/22/2019, 05:54:00",0.9988912844,0.9980026362,0.7438036971
"01/22/2019, 05:56:00",0.9899795727,0.6925369381,0.9701122785
"01/22/2019, 05:58:00",0.9972455085,0.9959351531,0.9987180833
"01/22/2019, 06:00:00",0.9991949875,0.994802924,0.7834493795
"01/22/2019, 06:02:00",0.5640975569,0.9932114241,0.9820099673
"01/22/2019, 06:04:00",0.985502486,0.9799342308,0.9818171062
"01/22/2019, 06:06:00",0.9820999721,0.9728908572,0.9209390636
"01/22/2019, 06:08:00",0.999283214,0.9939268594,0.9940436786
"01/22/2019, 06:10:00",0.9927137267,0.9918943301,0.9972849507
"01/22/2019, 06:12:00",0.9985834654,0.9900917756,0.9430590154
"01/22/2019, 06:14:00",0.9008321626,0.9794041022,0.9171584175
"01/22/2019, 06:16:00",0.95147315,0.9378325335,0.9988720744
"01/22/2019, 06:18:00",0.9827286982,0.9985995463,0.3867681858
"01/22/2019, 06:20:00",0.9751344935,0.7790637587,0.7829721456
"01/22/2019, 06:22:00",0.9822408743,0.9927735286,0.9981549997
"01/22/2019, 06:24:00",0.9964312331,0.9741961918,0.9936131444
"01/22/2019, 06:26:00",0.9840311374,0.9998749988,0.9788394002
"01/22/2019, 06:28:00",0.9973091416,0.9953076943,0.9786843633
"01/22/2019, 06:30:00",0.9777956591,0.8289365077,0.9688081095
"01/22/2019, 06:32:00",0.9761853572,0.9943688806,0.9789892627
"01/22/2019, 06:34:00",0.9969761446,0.9857598159,0.9407187715
"01/22/2019, 06:36:00",0.9455262041,0.9578836094,0.9963734071
"01/22/2019, 06:38:00",0.9987711674,0.9987635275,0.9582330988
"01/22/2019, 06:40:00",0.9448506786,0.8906704432,0.9996808262
"01/22/2019, 06:42:00",0.9747130756,0.9696312309,0.9999736877
"01/22/2019, 06:44:00",0.9956514685,0.8064924961,0.9372864032
"01/22/2019, 06:46:00",0.939349284,0.9115295743,0.972197877
"01/22/2019, 06:48:00",0.9501048419,0.9963890254,0.9812706145
"01/22/2019, 06:50:00",0.9974196584,0.9741594925,0.9981810387
"01/22/2019, 06:52:00",0.999288009,0.9928885289,0.9928350504
"01/22/2019, 06:54:00",0.9962313849,0.9923563251,0.9951173122
"01/22/2019, 06:56:00",0.9970401283,0.9989858221,0.9996251757
"01/22/2019, 06:58:00",0.9966121567,0.999418991,0.9965071218
"01/22/2019, 07:00:00",0.9847971899,0.9455902411,0.9923843865
"01/22/2019, 07:02:00",0.9985507852,0.972998453,0.9989817723
"01/22/2019, 07:04:00",0.9485216155,0.9595460255,0.9609856772
"01/22/2019, 07:06:00",0.996276469,0.9950063464,0.9992868634
"01/22/2019, 07:08:00",0.9989614462,0.9806004983,0.9953089399
"01/22/2019, 07:10:00",0.9826787275,0.870119943,0.9957171448
"01/22/2019, 07:12:00",0.9999223102,0.9936482681,0.9969435982
"01/22/2019, 07:14:00",0.9963928223,0.9776552801,0.9703484919
"01/22/2019, 07:16:00",0.9998320418,0.9974650686,0.9997655922
"01/22/2019, 07:18:00",0.9991169908,0.9996655859,0.9954310665
"01/22/2019, 07:20:00",0.9466283596,0.9999972336,0.9978819919
"01/22/2019, 07:22:00",0.9996255067,0.9822738763,0.9989729042
"01/22/2019, 07:24:00",0.9995495175,0.990799553,0.9426712812
"01/22/2019, 07:26:00",0.9995690833,0.9964126655,0.9465811977
"01/22/2019, 07:28:00",0.9980357523,0.9604823982,0.9988596729
"01/22/2019, 07:30:00",0.2915896156,0.9910792401,0.991223077
"01/22/2019, 07:32:00",0.9986545778,0.9981530507,0.999605989
"01/22/2019, 07:34:00",0.9882945634,0.9987967358,0.9996286764
"01/22/2019, 07:36:00",0.9998716184,0.996521219,0.9989075315
"01/22/2019, 07:38:00",0.9665297055,0.7055458331,0.7677271768
"01/22/2019, 07:40:00",0.9690854398,0.9989059307,0.998455154
"01/22/2019, 07:42:00",0.9774309145,0.9953533116,0.9993055843
"01/22/2019, 07:44:00",0.9752565935,0.9988165651,0.9926498709
"01/22/2019, 07:46:00",0.9983409947,0.9999033205,0.9981001822
"01/22/2019, 07:48:00",0.9997551745,0.9994462212,0.6901273927
"01/22/2019, 07:50:00",0.9973780592,0.9986866192,0.9879656642
"01/22/2019, 07:52:00",0.9997894299,0.9991513546,0.9936879075
"01/22/2019, 07:54:00",0.9994566189,0.9819012612,0.9979697312
"01/22/2019, 07:56:00",0.9901071763,0.9953802295,0.9912268698
"01/22/2019, 07:58:00",0.4954683366,0.9998663808,0.9836036942
"01/22/2019, 08:00:00",0.9946086509,0.9947528077,0.9874112408
"01/22/2019, 08:02:00",0.9992020674,0.9963571055,0.695186474
"01/22/2019, 08:04:00",0.9939088193,0.9941266177,0.9988407987
"01/22/2019, 08:06:00",0.9740732735,0.9998102082,0.9947704487
"01/22/2019, 08:08:00",0.9988445377,0.9989096055,0.9957728038
"01/22/2019, 08:10:00",0.9984335872,0.8746945247,0.9903186947
"01/22/2019, 08:12:00",0.9771212852,0.9858662393,0.7774869322
"01/22/2019, 08:14:00",0.9982371769,0.9983973535,0.974369357
"01/22/2019, 08:16:00",0.8707798867,0.9602733931,0.9308381015
"01/22/2019, 08:18:00",0.9952716469,0.9589284706,0.9979097843
"01/22/2019, 08:20:00",0.9980478266,0.9970337998,0.9976234777
"01/22/2019, 08:22:00",0.9924841391,0.9954859801,0.9947486952
"01/22/2019, 08:24:00",0.9997322188,0.9986138003,0.999278758
"01/22/2019, 08:26:00",0.9994487768,0.9989538193,0.9977894746
"01/22/2019, 08:28:00",0.9572647116,0.9993767713,0.9969364798
"01/22/2019, 08:30:00",0.6322443031,0.8908517411,0.9592610459
"01/22/2019, 08:32:00",0.981636759,0.9821588444,0.6530345154
"01/22/2019, 08:34:00",0.9995255936,0.9955833263,0.995631352
"01/22/2019, 08:36:00",0.9946768852,0.5897781188,0.9952187307
"01/22/2019, 08:38:00",0.9631783156,0.9974417815,0.998212706
"01/22/2019, 08:40:00",0.99933213,0.9996785702,0.9991856298
"01/22/2019, 08:42:00",0.999537442,0.9935196358,0.9796038876
"01/22/2019, 08:44:00",0.9971512293,0.9723101008,0.968419533
"01/22/2019, 08:46:00",0.9855585194,0.9923537176,0.9945378552
"01/22/2019, 08:48:00",0.9979858744,0.9838788467,0.9972822353
"01/22/2019, 08:50:00",0.9965366975,0.9937344088,0.9995831091
"01/22/2019, 08:52:00",0.9894526934,0.9858693762,0.9994806401
"01/22/2019, 08:54:00",0.996537354,0.9740672212,0.9962955254
"01/22/2019, 08:56:00",0.9956533478,0.9929703829,0.999659593
"01/22/2019, 08:58:00",0.9917126489,0.3691287154,0.9743360463
"01/22/2019, 09:00:00",0.9849184901,0.3895537332,0.5570162158
"01/22/2019, 09:02:00",0.999246884,0.9867982385,0.9833685019
"01/22/2019, 09:04:00",0.9786924399,0.9803060105,0.9547071101
"01/22/2019, 09:06:00",0.9983688096,0.9622486722,0.9986160114
"01/22/2019, 09:08:00",0.8522574612,0.9993574653,0.8204226151
"01/22/2019, 09:10:00",0.9823633746,0.8859612832,0.8604784217
"01/22/2019, 09:12:00",0.9525979748,0.9997382877,0.658863722
"01/22/2019, 09:14:00",0.9949092091,0.9992852878,0.7849572417
"01/22/2019, 09:16:00",0.9920401256,0.9232882521,0.9797557986
"01/22/2019, 09:18:00",0.8713398243,0.9295067819,0.8220073148
"01/22/2019, 09:20:00",0.9964822036,0.9631316876,0.950256186
"01/22/2019, 09:22:00",0.9972549983,0.9985957596,0.9871156401
"01/22/2019, 09:24:00",0.9995700166,0.997960658,0.9897830107
"01/22/2019, 09:26:00",0.9980078491,0.999618854,0.9840530619
"01/22/2019, 09:28:00",0.9976116952,0.987331276,0.6161979095
"01/22/2019, 09:30:00",0.8991049262,0.974400474,0.9943850559
"01/22/2019, 09:32:00",0.9998671055,0.9996466571,0.9980859627
"01/22/2019, 09:34:00",0.9975464859,0.9617161723,0.9940635975
"01/22/2019, 09:36:00",0.9964484893,0.9974555665,0.9987817318
"01/22/2019, 09:38:00",0.9898553618,0.9997813423,0.9341337419
"01/22/2019, 09:40:00",0.9975918685,0.9642046333,0.9993223502
"01/22/2019, 09:42:00",0.9997838239,0.9988428521,0.9903057616
"01/22/2019, 09:44:00",0.9915908733,0.9817617337,0.9994736892
"01/22/2019, 09:46:00",0.9997021846,0.9956712873,0.9916723286
"01/22/2019, 09:48:00",0.9996079111,0.9791859627,0.9996410137
"01/22/2019, 09:50:00",0.775482201,0.9994034906,0.9994896113
"01/22/2019, 09:52:00",0.9996304234,0.9994988097,0.9986362004
"01/22/2019, 09:54:00",0.9975415341,0.9986653664,0.9984604974
"01/22/2019, 09:56:00",0.9960724335,0.9997935249,0.9975807584
"01/22/2019, 09:58:00",0.9962674874,0.9949747763,0.9995995414
"01/22/2019, 10:00:00",0.998944809,0.9992164128,0.4076921319
"01/22/2019, 10:02:00",0.9895425285,0.9902614128,0.9903214443
"01/22/2019, 10:04:00",0.9993961846,0.9869636309,0.9823240479
"01/22/2019, 10:06:00",0.9647414058,0.9338726399,0.9995469265
"01/22/2019, 10:08:00",0.9987963432,0.9878315597,0.561473449
"01/22/2019, 10:10:00",0.9885991718,0.891693101,0.9865354503
"01/22/2019, 10:12:00",0.9963862907,0.9850740569,0.9946945698
"01/22/2019, 10:14:00",0.9999604903,0.9586364501,0.9938112544
"01/22/2019, 10:16:00",0.9986592959,0.9932748948,0.9842667587
"01/22/2019, 10:18:00",0.9992594456,0.91633106,0.9985266868
"01/22/2019, 10:20:00",0.9996644827,0.9919579382,0.9908718874
"01/22/2019, 10:22:00",0.9991419741,0.994529943,0.6485848285
"01/22/2019, 10:24:00",0.9915963232,0.9951906659,0.9963065265
"01/22/2019, 10:26:00",0.9959808633,0.9959265997,0.9720888836
"01/22/2019, 10:28:00",0.970663977,0.9747115883,0.9002585327
"01/22/2019, 10:30:00",0.8998493873,0.999255589,0.9872495688
"01/22/2019, 10:32:00",0.9944505732,0.9989626707,0.9965757033
"01/22/2019, 10:34:00",0.9960386182,0.96577409,0.9911308514
"01/22/2019, 10:36:00",0.9982998244,0.9970762322,0.9908933594
"01/22/2019, 10:38:00",0.9979914602,0.9981981258,0.9519255899
"01/22/2019, 10:40:00",0.9364739215,0.9964441662,0.9977929081
"01/22/2019, 10:42:00",0.9909523519,0.9498799753,0.9291421113
"01/22/2019, 10:44:00",0.9989575271,0.9884636883,0.9985974829
"01/22/2019, 10:46:00",0.983133596,0.9944439809,0.9622094773
"01/22/2019, 10:48:00",0.9956935033,0.9559963193,0.9982131475
"01/22/2019, 10:50:00",0.996806655,0.9940201194,0.9901682977
"01/22/2019, 10:52:00",0.9967594692,0.9094803816,0.9979712521
"01/22/2019, 10:54:00",0.9992939548,0.9982487008,0.9990504391
"01/22/2019, 10:56:00",0.9830841187,0.9350991287,0.9991243792
"01/22/2019, 10:58:00",0.9952236662,0.9921460662,0.9991754516
"01/22/2019, 11:00:00",0.9934772074,0.3065539204,0.9993704365
"01/22/2019, 11:02:00",0.9665578697,0.9902541839,0.9956494151
"01/22/2019, 11:04:00",0.9967448006,0.8657190696,0.9996994777
"01/22/2019, 11:06:00",0.9987445229,0.9965817554,0.9788590533
"01/22/2019, 11:08:00",0.9919499661,0.9959540648,0.507769355
"01/22/2019, 11:10:00",0.9925074674,0.9935225992,0.9972492263
"01/22/2019, 11:12:00",0.2865456637,0.3050157271,0.2903421375
"01/22/2019, 11:14:00",0.9986582309,0.9975490368,0.9169875674
"01/22/2019, 11:16:00",0.999865922,0.9987174723,0.873808741
"01/22/2019, 11:18:00",0.9996486369,0.9948773741,0.9796351832
"01/22/2019, 11:20:00",0.9982763765,0.9970321292,0.9994689642
"01/22/2019, 11:22:00",0.9911113843,0.9923373773,0.9039519127
"01/22/2019, 11:24:00",0.9984725416,0.9849899585,0.9885131594
"01/22/2019, 11:26:00",0.9883296254,0.9908973503,0.9998341809
"01/22/2019, 11:28:00",0.9923252563,0.9884637922,0.9868871729
"01/22/2019, 11:30:00",0.9988636612,0.9992214633,0.9982259397
"01/22/2019, 11:32:00",0.9935666163,0.9995685622,0.8953371855
"01/22/2019, 11:34:00",0.9927092466,0.9990225547,0.9955386048
"01/22/2019, 11:36:00",0.9991993273,0.9925405023,0.9912829927
"01/22/2019, 11:38:00",0.999477509,0.9855629694,0.992837609
"01/22/2019, 11:40:00",0.9984549997,0.9986731851,0.9943073592
"01/22/2019, 11:42:00",0.9994164334,0.9631291801,0.9993354654
"01/22/2019, 11:44:00",0.9949923779,0.9986257846,0.9974314629
"01/22/2019, 11:46:00",0.9999020254,0.9963790739,0.9494074637
"01/22/2019, 11:48:00",0.9996977534,0.9997943414,0.448257375
"01/22/2019, 11:50:00",0.9951738605,0.9992697202,0.9965757833
"01/22/2019, 11:52:00",0.9996795187,0.9988787264,0.9995964726
"01/22/2019, 11:54:00",0.9988222851,0.9995641056,0.9311073371
"01/22/2019, 11:56:00",0.9993659862,0.9836049938,0.9944522098
"01/22/2019, 11:58:00",0.9987533583,0.6772095213,0.4570110177
"01/22/2019, 12:00:00",0.9987157612,0.8704795003,0.9708123969
"01/22/2019, 12:02:00",0.9993542727,0.999803057,0.9900812719
"01/22/2019, 12:04:00",0.9904396722,0.994906082,0.98169208
"01/22/2019, 12:06:00",0.9913678896,0.9970131853,0.9913779911
"01/22/2019, 12:08:00",0.9994322345,0.4135310763,0.4441278414
"01/22/2019, 12:10:00",0.7540506174,0.999732623,0.8445078209
"01/22/2019, 12:12:00",0.9992077387,0.9936474305,0.9962253518
"01/22/2019, 12:14:00",0.9903954337,0.9999244451,0.9800488925
"01/22/2019, 12:16:00",0.9826867944,0.910083952,0.9866419728
"01/22/2019, 12:18:00",0.6512778486,0.9999481615,0.6175071712
"01/22/2019, 12:20:00",0.999175163,0.9692403235,0.9971044262
"01/22/2019, 12:22:00",0.9708826352,0.9998990435,0.9636132836
"01/22/2019, 12:24:00",0.9952688913,0.9925546489,0.9731364063
"01/22/2019, 12:26:00",0.9888898215,0.999898766,0.9940006345
"01/22/2019, 12:28:00",0.992834825,0.9999955145,0.9999946668
"01/22/2019, 12:30:00",0.9250122796,0.9991446373,0.9654265008
"01/22/2019, 12:32:00",0.9997935417,0.993722259,0.9894249967
"01/22/2019, 12:34:00",0.5158651435,0.9667993916,0.9875992267
"01/22/2019, 12:36:00",0.9864674066,0.9995278986,0.9829869925
"01/22/2019, 12:38:00",0.9998092832,0.9991440799,0.9877712312
"01/22/2019, 12:40:00",0.999537623,0.9894825078,0.9987860114
"01/22/2019, 12:42:00",0.994741819,0.9963829157,0.9996767194
"01/22/2019, 12:44:00",0.9974633772,0.9892038632,0.9909359687
"01/22/2019, 12:46:00",0.9386493233,0.9997143228,0.9996692697
"01/22/2019, 12:48:00",0.9983943535,0.9830707379,0.9978450655
"01/22/2019, 12:50:00",0.998512717,0.9935705249,0.9991612311
"01/22/2019, 12:52:00",0.9533618444,0.99941165,0.9754979738
"01/22/2019, 12:54:00",0.9951414385,0.9833501383,0.9919670886
"01/22/2019, 12:56:00",0.9437463263,0.9553833263,0.9990932919
"01/22/2019, 12:58:00",0.9992389722,0.9942625324,0.9974607699
"01/22/2019, 13:00:00",0.8773782763,0.9963116328,0.8461214111
"01/22/2019, 13:02:00",0.8871434449,0.8320836434,0.993524985
"01/22/2019, 13:04:00",0.9488200059,0.9631879818,0.997179634
"01/22/2019, 13:06:00",0.9815122437,0.9619900151,0.98699955
"01/22/2019, 13:08:00",0.9980449539,0.9763127393,0.9983147134
"01/22/2019, 13:10:00",0.9845721665,0.9997688197,0.9986613516
"01/22/2019, 13:12:00",0.938228014,0.9946784559,0.988397532
"01/22/2019, 13:14:00",0.9843779981,0.8942130423,0.9955466304
"01/22/2019, 13:16:00",0.9961624254,0.999906551,0.995120268
"01/22/2019, 13:18:00",0.9954248561,0.9512231293,0.963167601
"01/22/2019, 13:20:00",0.9883395689,0.9841106956,0.9093778586
"01/22/2019, 13:22:00",0.993812715,0.9643330251,0.9892429435
"01/22/2019, 13:24:00",0.991336853,0.9960108084,0.9954779859
"01/22/2019, 13:26:00",0.9987200873,0.9946014695,0.99957996
"01/22/2019, 13:28:00",0.9853590124,0.918250836,0.9938387182
"01/22/2019, 13:30:00",0.9850214137,0.9709843592,0.8318349004
"01/22/2019, 13:32:00",0.9964890021,0.9974111933,0.9990052676
"01/22/2019, 13:34:00",0.9890904978,0.9876722905,0.9829288304
"01/22/2019, 13:36:00",0.9808670553,0.9992532499,0.7620541012
"01/22/2019, 13:38:00",0.9694766542,0.8445039244,0.9812796239
"01/22/2019, 13:40:00",0.992819237,0.9978706327,0.6764475331
"01/22/2019, 13:42:00",0.9939919779,0.9979302768,0.7990659024
"01/22/2019, 13:44:00",0.9877320501,0.9931532868,0.9492087582
"01/22/2019, 13:46:00",0.9964000031,0.9995455722,0.9995734438
"01/22/2019, 13:48:00",0.9951671973,0.9992979815,0.7464101904
"01/22/2019, 13:50:00",0.9997690834,0.9999630375,0.9970976076
"01/22/2019, 13:52:00",0.9685996317,0.7801454111,0.6122018248
"01/22/2019, 13:54:00",0.9964653128,0.9806470886,0.9979171364
"01/22/2019, 13:56:00",0.9403080979,0.9988570993,0.9810962062
"01/22/2019, 13:58:00",0.9989477951,0.9966452844,0.9926735815
"01/22/2019, 14:00:00",0.991766668,0.9965511039,0.9987516882
"01/22/2019, 14:02:00",0.9905355048,0.9997478522,0.7056719781
"01/22/2019, 14:04:00",0.9682441517,0.9405110205,0.9989305198
"01/22/2019, 14:06:00",0.9850850609,0.9881476988,0.9988887977
"01/22/2019, 14:08:00",0.9627493039,0.9838816217,0.9611167179
"01/22/2019, 14:10:00",0.9980062707,0.9974968463,0.9996588359
"01/22/2019, 14:12:00",0.9995784282,0.4632853167,0.4364100353
"01/22/2019, 14:14:00",0.9979454842,0.6845376926,0.9998813858
"01/22/2019, 14:16:00",0.9984964551,0.9987486967,0.9991456907
"01/22/2019, 14:18:00",0.2943732431,0.9966444414,0.1707495307
"01/22/2019, 14:20:00",0.9884422016,0.8067270274,0.9664999364
"01/22/2019, 14:22:00",0.9992607487,0.9989064735,0.9869272052
"01/22/2019, 14:24:00",0.9705112112,0.9972413555,0.9985218231
"01/22/2019, 14:26:00",0.9987440112,0.9690995956,0.9994509714
"01/22/2019, 14:28:00",0.9990378315,0.9717399707,0.9708561964
"01/22/2019, 14:30:00",0.3477664784,0.9978680067,0.9917977239