timestamp,no error,error 5%,error 10%,error 15%
"01/21/2019, 14:32:00",0.9999609017,0.999901165,0.934843872,0.9998923458
"01/21/2019, 14:34:00",0.987288643,0.9989411545,0.998617641,0.9558696227
"01/21/2019, 14:36:00",0.9943296031,0.9981664088,0.9975621881,0.9631146592
"01/21/2019, 14:38:00",0.9954477435,0.3533967072,0.9987520762,0.9982031766
"01/21/2019, 14:40:00",0.9953264256,0.9977614656,0.998598039,0.9830827825
"01/21/2019, 14:42:00",0.9948105023,0.9735487721,0.9940025641,0.9925239661
"01/21/2019, 14:44:00",0.9707890623,0.9963604553,0.9975840669,0.9879760591
"01/21/2019, 14:46:00",0.9842950072,0.9724315075,0.9960596155,0.9989915035
"01/21/2019, 14:48:00",0.9041030305,0.9877103225,0.5740119325,0.9960312915
"01/21/2019, 14:50:00",0.9765284564,0.9516044577,0.9984847924,0.9624364401
"01/21/2019, 14:52:00",0.9960388357,0.9974223366,0.9958560997,0.9877673381
"01/21/2019, 14:54:00",0.9822171786,0.9977972083,0.9971301372,0.9799016773
"01/21/2019, 14:56:00",0.9908613141,0.9976988054,0.9839950014,0.9994056677
"01/21/2019, 14:58:00",0.9980563732,0.9977520991,0.9988152078,0.9284510792
"01/21/2019, 15:00:00",0.9998862937,0.9809542949,0.9992774827,0.9539913488
"01/21/2019, 15:02:00",0.9908605449,0.8022328915,0.9790714165,0.7960741685
"01/21/2019, 15:04:00",0.9809472268,0.9907651865,0.9956060864,0.9705790556
"01/21/2019, 15:06:00",0.9812049261,0.9924756868,0.9559506063,0.9797877799
"01/21/2019, 15:08:00",0.9964645381,0.5751207448,0.9919421171,0.7941363438
"01/21/2019, 15:10:00",0.953105292,0.9973093575,0.9940776898,0.9927242316
"01/21/2019, 15:12:00",0.9997635968,0.9730678893,0.9981589414,0.9896415782
"01/21/2019, 15:14:00",0.9927486637,0.9969374419,0.9807091942,0.9996581563
"01/21/2019, 15:16:00",0.9983590494,0.9966721002,0.9889377918,0.9950837946
"01/21/2019, 15:18:00",0.9980001789,0.5132248737,0.9973543588,0.6724747545
"01/21/2019, 15:20:00",0.9866647473,0.9930319228,0.9815627647,0.9911350153
"01/21/2019, 15:22:00",0.9931990698,0.9996479829,0.9987823385,0.998932105
"01/21/2019, 15:24:00",0.999263419,0.9894132062,0.9875017763,0.99806472
"01/21/2019, 15:26:00",0.9982465842,0.9811594239,0.9511104838,0.9944850599
"01/21/2019, 15:28:00",0.9903141431,0.9644906943,0.9987095057,0.9417010704
"01/21/2019, 15:30:00",0.9842012729,0.9704915952,0.9988835047,0.9937457561
"01/21/2019, 15:32:00",0.9810409557,0.9850641194,0.9585047017,0.9884693017
"01/21/2019, 15:34:00",0.9977133121,0.9694096069,0.9987928238,0.9711236316
"01/21/2019, 15:36:00",0.9782458317,0.9909889272,0.9982007777,0.9988608535
"01/21/2019, 15:38:00",0.9931621118,0.4107478304,0.9478580367,0.9920266569
"01/21/2019, 15:40:00",0.9952836501,0.9941076224,0.9460720396,0.9910931399
"01/21/2019, 15:42:00",0.9887032041,0.9812497727,0.9764674304,0.9737211487
"01/21/2019, 15:44:00",0.9965744317,0.9964183962,0.9963085674,0.9984201837
"01/21/2019, 15:46:00",0.9259820625,0.9738424874,0.9815848165,0.9858441282
"01/21/2019, 15:48:00",0.9856120491,0.9930046626,0.9965760563,0.9834310074
"01/21/2019, 15:50:00",0.9331375018,0.9989555758,0.9989140266,0.9449165719
"01/21/2019, 15:52:00",0.993182381,0.9824736826,0.9997907792,0.9993673411
"01/21/2019, 15:54:00",0.9986646949,0.9953512422,0.945857046,0.9980461616
"01/21/2019, 15:56:00",0.8391494224,0.9833441996,0.9972054556,0.9977653768
"01/21/2019, 15:58:00",0.288392852,0.997197825,0.9985784252,0.9881376289
"01/21/2019, 16:00:00",0.9872438488,0.993121843,0.9881171333,0.9809268127
"01/21/2019, 16:02:00",0.9964447228,0.9760989407,0.9942634074,0.9869193494
"01/21/2019, 16:04:00",0.9969880772,0.9997774801,0.9988315636,0.9978843681
"01/21/2019, 16:06:00",0.9976314951,0.9953632319,0.9977737493,0.9874866531
"01/21/2019, 16:08:00",0.9040480137,0.9587930026,0.9414183243,0.9725475894
"01/21/2019, 16:10:00",0.9614636075,0.9864232055,0.9953209274,0.9989434604
"01/21/2019, 16:12:00",0.9884900184,0.967022767,0.9904344371,0.9988912461
"01/21/2019, 16:14:00",0.9955090146,0.9826437788,0.9985905957,0.9956443046
"01/21/2019, 16:16:00",0.9973503198,0.9877869686,0.8649893778,0.9982649615
"01/21/2019, 16:18:00",0.9849460249,0.9961072105,0.9982199677,0.992108763
"01/21/2019, 16:20:00",0.9991990032,0.9906995609,0.9832781821,0.9953720337
"01/21/2019, 16:22:00",0.9599145373,0.96053304,0.9814368837,0.9776862635
"01/21/2019, 16:24:00",0.9745636902,0.9984554218,0.9991164841,0.9983904338
"01/21/2019, 16:26:00",0.9964280467,0.995626972,0.9794104011,0.9758057167
"01/21/2019, 16:28:00",0.9933655622,0.9978148033,0.9978046475,0.9862717912
"01/21/2019, 16:30:00",0.996765038,0.9971608114,0.9993768109,0.9956945654
"01/21/2019, 16:32:00",0.9972443588,0.9934009933,0.9970574072,0.9977654385
"01/21/2019, 16:34:00",0.9934364145,0.987803223,0.9475123739,0.9592628889
"01/21/2019, 16:36:00",0.9232706307,0.9931732774,0.9838033141,0.9996314828
"01/21/2019, 16:38:00",0.3270251749,0.5114667559,0.3243458104,0.2660853743
"01/21/2019, 16:40:00",,,,
"01/21/2019, 16:42:00",0.9721598052,0.4268008306,0.9989546726,0.9994383643
"01/21/2019, 16:44:00",0.9836093663,0.9964437567,0.9589453816,0.994284501
"01/21/2019, 16:46:00",0.9969200022,0.9009772158,0.9815597546,0.9807639986
"01/21/2019, 16:48:00",0.4509136433,0.6688602765,0.4556084497,0.6427373009
"01/21/2019, 16:50:00",0.9923264012,0.9994039782,0.976885627,0.9996845061
"01/21/2019, 16:52:00",0.9832634998,0.996124408,0.9992712121,0.997952629
"01/21/2019, 16:54:00",0.9928404851,0.9784052161,0.9213668395,0.9992122494
"01/21/2019, 16:56:00",0.9887237381,0.9947080422,0.9978628446,0.9909887693
"01/21/2019, 16:58:00",0.9858830139,0.9903949391,0.9823445977,0.9936189526
"01/21/2019, 17:00:00",0.9969539506,0.9237610157,0.9995353681,0.990131644
"01/21/2019, 17:02:00",0.9961738027,0.9923729587,0.993675712,0.9911135434
"01/21/2019, 17:04:00",0.9977181252,0.9989396364,0.9992797886,0.997272183
"01/21/2019, 17:06:00",0.5083454677,0.9972770265,0.4388349117,0.4376942174
"01/21/2019, 17:08:00",0.9964088122,0.9962167959,0.9884030083,0.9667071458
"01/21/2019, 17:10:00",0.9950848013,0.9980329971,0.999390608,0.9983872482
"01/21/2019, 17:12:00",0.995191867,0.9880564289,0.7164159799,0.9098839307
"01/21/2019, 17:14:00",0.9987486259,0.9466147488,0.6302217812,0.4949782666
"01/21/2019, 17:16:00",0.979682741,0.9800802704,0.9971284327,0.996739542
"01/21/2019, 17:18:00",0.9936727295,0.9702656527,0.9961280028,0.998100643
"01/21/2019, 17:20:00",0.7983732583,0.9976920964,0.9979106513,0.9991372626
"01/21/2019, 17:22:00",0.9906442729,0.9969834337,0.9950056329,0.9887337423
"01/21/2019, 17:24:00",0.9963730307,0.9885932283,0.9724752919,0.9649875714
"01/21/2019, 17:26:00",0.9938598281,0.9990340537,0.9860597483,0.9560367008
"01/21/2019, 17:28:00",0.996143076,0.9940726557,0.9998981083,0.9995965138
"01/21/2019, 17:30:00",0.9990425058,0.9963659222,0.997832158,0.9749737321
"01/21/2019, 17:32:00",0.9510884501,0.9642646527,0.9983615679,0.998385815
"01/21/2019, 17:34:00",0.9287396709,0.9949025395,0.9658960371,0.8757278973
"01/21/2019, 17:36:00",0.9973466687,0.9984455469,0.9989730338,0.9607265574
"01/21/2019, 17:38:00",0.9999153157,0.989918994,0.9890666692,0.934171532
"01/21/2019, 17:40:00",0.9829580049,0.9831147721,0.9882998819,0.9936206319
"01/21/2019, 17:42:00",0.9135487604,0.9719081791,0.999148968,0.9005040024
"01/21/2019, 17:44:00",0.997464557,0.9850187576,0.9779002901,0.9995086124
"01/21/2019, 17:46:00",0.9385397845,0.9680807092,0.9988325101,0.9952280735
"01/21/2019, 17:48:00",0.9931715219,0.9065520693,0.9976660108,0.9960487093
"01/21/2019, 17:50:00",0.9793877198,0.9396671946,0.9956124811,0.996215856
"01/21/2019, 17:52:00",0.9818724267,0.9923717748,0.9975370355,0.9954988964
"01/21/2019, 17:54:00",0.9839085605,0.9225203706,0.9991667658,0.949422533
"01/21/2019, 17:56:00",0.9384634907,0.9980491995,0.9976828953,0.9995188948
"01/21/2019, 17:58:00",0.9986634801,0.9987787242,0.3223587635,0.948572354
"01/21/2019, 18:00:00",0.9822393947,0.5059280922,0.06720957163,0.4633521571
"01/21/2019, 18:02:00",0.9804347287,0.9545110952,0.9940000745,0.927996128
"01/21/2019, 18:04:00",0.9805166478,0.9951213672,0.9883172499,0.992792136
"01/21/2019, 18:06:00",0.9988135274,0.9582180626,0.9966619328,0.7852133611
"01/21/2019, 18:08:00",0.9951843485,0.9811889619,0.9962827822,0.9987137588
"01/21/2019, 18:10:00",0.9879827034,0.9986072775,0.9985862998,0.9767653622
"01/21/2019, 18:12:00",0.9992639741,0.9985741879,0.999106387,0.9368641828
"01/21/2019, 18:14:00",0.91557435,0.9767337313,0.987673276,0.9980006376
"01/21/2019, 18:16:00",0.9996170523,0.9943037491,0.9476826349,0.9975959236
"01/21/2019, 18:18:00",0.992158075,0.7786556039,0.9619332401,0.9981586503
"01/21/2019, 18:20:00",0.9967809496,0.9891005191,0.9736134372,0.9887542401
"01/21/2019, 18:22:00",0.9808250259,0.9046733837,0.7058180068,0.891527094
"01/21/2019, 18:24:00",0.9895333242,0.9966660544,0.9925265308,0.9828876154
"01/21/2019, 18:26:00",0.9993118363,0.9990268693,0.9597410452,0.9925058648
"01/21/2019, 18:28:00",0.9782942022,0.2181089581,0.5170554452,0.3704694763
"01/21/2019, 18:30:00",0.9935884557,0.9897011617,0.9699925349,0.991775028
"01/21/2019, 18:32:00",0.9993305546,0.9543954726,0.9970299085,0.9906787082
"01/21/2019, 18:34:00",0.9985743714,0.9957155823,0.9966013472,0.9781588288
"01/21/2019, 18:36:00",0.9984332289,0.9942465411,0.9997035449,0.9991991424
"01/21/2019, 18:38:00",0.999483047,0.9802984197,0.9976879935,0.999482516
"01/21/2019, 18:40:00",0.9989635963,0.8122344714,0.9985082691,0.9979205981
"01/21/2019, 18:42:00",0.9975890048,0.9996490798,0.9996659121,0.9952601947
"01/21/2019, 18:44:00",0.9970752816,0.9994449554,0.9919975727,0.9788141913
"01/21/2019, 18:46:00",0.9958232482,0.9794813223,0.990804792,0.9841466391
"01/21/2019, 18:48:00",0.9996848916,0.9993998806,0.9998068996,0.9578633402
"01/21/2019, 18:50:00",0.9678588797,0.9530441153,0.9991163351,0.9203054645
"01/21/2019, 18:52:00",0.959521592,0.949380119,0.9738707345,0.8915979527
"01/21/2019, 18:54:00",0.9901437239,0.998717297,0.9956275366,0.9878960525
"01/21/2019, 18:56:00",0.9962515445,0.9875628161,0.9992150991,0.9978221228
"01/21/2019, 18:58:00",0.9916886241,0.9681079245,0.9985935231,0.9992404011
"01/21/2019, 19:00:00",0.9845046905,0.9969647911,0.995982506,0.9798475796
"01/21/2019, 19:02:00",0.7466738243,0.5903031299,0.9853673413,0.7967632918
"01/21/2019, 19:04:00",0.9622676702,0.9972834911,0.9892015012,0.9911753001
"01/21/2019, 19:06:00",0.9973715693,0.9918142076,0.9553990384,0.9850154424
"01/21/2019, 19:08:00",0.6475205204,0.9041018552,0.9618666979,0.9972074075
"01/21/2019, 19:10:00",0.983804633,0.9931726914,0.9068658285,0.9481583004
"01/21/2019, 19:12:00",0.9990662484,0.9841219612,0.9886534749,0.9955408325
"01/21/2019, 19:14:00",0.9854792821,0.7903367136,0.9859700832,0.9995614509
"01/21/2019, 19:16:00",0.9940072791,0.9997637055,0.9539402422,0.9947440101
"01/21/2019, 19:18:00",0.9991877544,0.935294804,0.8915499534,0.9173021203
"01/21/2019, 19:20:00",0.9935663606,0.9850122642,0.9662299024,0.9982775664
"01/21/2019, 19:22:00",0.9985323257,0.9999801487,0.9998143831,0.9916806511
"01/21/2019, 19:24:00",0.9992817743,0.9962129652,0.9792148552,0.995676207
"01/21/2019, 19:26:00",0.9993094084,0.9979096038,0.9625328179,0.998044641
"01/21/2019, 19:28:00",0.9950877433,0.9990171451,0.9908253908,0.9953167513
"01/21/2019, 19:30:00",0.9890630482,0.9995414323,0.9603227311,0.9966768024
"01/21/2019, 19:32:00",0.9804622435,0.9689007384,0.9836408861,0.9895888347
"01/21/2019, 19:34:00",0.9827158767,0.9860673585,0.9992297094,0.9889078749
"01/21/2019, 19:36:00",0.9437751921,0.9501283449,0.9724537571,0.999539006
"01/21/2019, 19:38:00",0.7381930651,0.3179058331,0.9919851594,0.739680337
"01/21/2019, 19:40:00",0.8929811553,0.9776751441,0.9945396094,0.9722390127
"01/21/2019, 19:42:00",0.9945377275,0.834181187,0.9758607772,0.9975462912
"01/21/2019, 19:44:00",0.9937352329,0.9929062486,0.9936840974,0.9718959797
"01/21/2019, 19:46:00",0.9949080481,0.9919975283,0.9987577184,0.9856098578
"01/21/2019, 19:48:00",0.9873399079,0.9947014181,0.9997234075,0.9988101729
"01/21/2019, 19:50:00",0.9926292888,0.9957938587,0.9826365579,0.997319086
"01/21/2019, 19:52:00",0.9970108009,0.9934507457,0.9998012404,0.8707450744
"01/21/2019, 19:54:00",0.3776748097,0.7734023349,0.4001260583,0.2579518378
"01/21/2019, 19:56:00",0.9980563077,0.9694380555,0.9980130511,0.9818192335
"01/21/2019, 19:58:00",0.9944529175,0.9990705267,0.998549505,0.9947728913
"01/21/2019, 20:00:00",0.9984133431,0.9985150419,0.9993281411,0.9994153143
"01/21/2019, 20:02:00",0.5715042708,0.3450527268,0.9313359901,0.9994925075
"01/21/2019, 20:04:00",0.9872798853,0.9978775331,0.9818354868,0.9978786068
"01/21/2019, 20:06:00",0.998659406,0.9721955812,0.9997087295,0.9789993294
"01/21/2019, 20:08:00",0.2763013167,0.8000783761,0.4760964466,0.999156783
"01/21/2019, 20:10:00",0.9920023628,0.9991249146,0.7059456526,0.9977771756
"01/21/2019, 20:12:00",0.995314773,0.991173233,0.999572321,0.9937785884
"01/21/2019, 20:14:00",0.9977803791,0.9795342254,0.999423081,0.9751879524
"01/21/2019, 20:16:00",0.9788731389,0.9883142928,0.9795894649,0.9578885402
"01/21/2019, 20:18:00",0.5635707143,0.7637313916,0.818450175,0.525044413
"01/21/2019, 20:20:00",0.9635941804,0.9974733973,0.9978468729,0.9992035166
"01/21/2019, 20:22:00",0.9798125045,0.9958213226,0.9959621376,0.9905345358
"01/21/2019, 20:24:00",0.994461036,0.9995762748,0.9994912284,0.9973751957
"01/21/2019, 20:26:00",0.9965922123,0.9866534003,0.9949149627,0.9989768502
"01/21/2019, 20:28:00",0.9527079586,0.9591529005,0.9230555447,0.8848817231
"01/21/2019, 20:30:00",0.999463061,0.9992595797,0.9967986855,0.9781638363
"01/21/2019, 20:32:00",0.9771263619,0.9976616602,0.9451344097,0.9949011923
"01/21/2019, 20:34:00",0.9941466319,0.9989151874,0.9988872323,0.996394082
"01/21/2019, 20:36:00",0.9728405832,0.9874816143,0.9987247081,0.994060114
"01/21/2019, 20:38:00",0.9989830771,0.9735645756,0.9998891117,0.9802314685
"01/21/2019, 20:40:00",0.999374613,0.9811654058,0.9970194703,0.9978748356
"01/21/2019, 20:42:00",0.8429487743,0.9863561413,0.9356024493,0.978524808
"01/21/2019, 20:44:00",0.9995858083,0.9970171245,0.9952824627,0.9989794592
"01/21/2019, 20:46:00",0.977198235,0.9971014114,0.9768786358,0.977282611
"01/21/2019, 20:48:00",0.9883605286,0.9955845342,0.9902825958,0.3197248096
"01/21/2019, 20:50:00",0.9972844734,0.9948664665,0.9983585396,0.9945280441
"01/21/2019, 20:52:00",0.9598739118,0.9990185481,0.9968267525,0.9998324465
"01/21/2019, 20:54:00",0.9988095721,0.9607380186,0.9835144306,0.8450774793
"01/21/2019, 20:56:00",0.9918763062,0.9989345224,0.943834723,0.9992468345
"01/21/2019, 20:58:00",0.9909111714,0.9591273228,0.9874427766,0.9438446552
"01/21/2019, 21:00:00",0.9980526,0.9374094951,0.997892247,0.9978601648
"01/21/2019, 21:02:00",0.9996960163,0.9995835989,0.9999286526,0.9648860071
"01/21/2019, 21:04:00",0.9798305568,0.9964272093,0.9709066596,0.9917773113
"01/21/2019, 21:06:00",0.9849261133,0.9996133759,0.859591033,0.7118673449
"01/21/2019, 21:08:00",0.9946925613,0.9802282867,0.9995618326,0.9960045943
"01/21/2019, 21:10:00",0.9115298595,0.9130505582,0.9960132385,0.9871004435
"01/21/2019, 21:12:00",0.9862061384,0.9938846151,0.997417779,0.9984517921
"01/21/2019, 21:14:00",0.9927757776,0.9625506341,0.9662062711,0.997315922
"01/21/2019, 21:16:00",0.9013164634,0.9575539119,0.9997561295,0.9995864642
"01/21/2019, 21:18:00",0.9991809909,0.6601665987,0.9978215369,0.9978053931
"01/21/2019, 21:20:00",0.9012691048,0.9855343612,0.9960133277,0.9951094318
"01/21/2019, 21:22:00",0.9959440593,0.9980152093,0.9963868005,0.9960642043
"01/21/2019, 21:24:00",0.9905589941,0.9761393884,0.9953911172,0.9939527155
"01/21/2019, 21:26:00",0.9930468821,0.9993270924,0.919855555,0.9331452274
"01/21/2019, 21:28:00",0.9782974909,0.9823756248,0.8689082616,0.9599213895
"01/21/2019, 21:30:00",0.9955289189,0.9994763051,0.9887602524,0.9974890238
"01/21/2019, 21:32:00",0.9942239094,0.9748544142,0.5135711342,0.9635877956
"01/21/2019, 21:34:00",0.9700987176,0.9767066491,0.9946419273,0.9135718532
"01/21/2019, 21:36:00",0.9991332136,0.9844657027,0.9829792274,0.9984008279
"01/21/2019, 21:38:00",0.5806024979,0.3073817869,0.6138657538,0.5191057402
"01/21/2019, 21:40:00",0.9994615341,0.9311027282,0.997541055,0.9510779387
"01/21/2019, 21:42:00",0.9981965284,0.9998825089,0.9994894596,0.9290098974
"01/21/2019, 21:44:00",0.9872940857,0.9990755188,0.9692552717,0.9804851118
"01/21/2019, 21:46:00",0.9928289451,0.9091180426,0.995876156,0.9674372208
"01/21/2019, 21:48:00",0.9969351102,0.9989664932,0.9982093152,0.997264742
"01/21/2019, 21:50:00",0.99297553,0.9828251783,0.9988072176,0.9974498493
"01/21/2019, 21:52:00",0.9970596068,0.9941584992,0.9756736067,0.977553994
"01/21/2019, 21:54:00",0.9921369624,0.9959096949,0.9960876439,0.9870362578
"01/21/2019, 21:56:00",0.998695472,0.917264026,0.9838708319,0.9795673647
"01/21/2019, 21:58:00",0.9527404534,0.9824197771,0.9850519278,0.514539302
"01/21/2019, 22:00:00",0.9943112562,0.9689756729,0.9705518902,0.9580933533
"01/21/2019, 22:02:00",0.9908388493,0.9967714043,0.9985299794,0.9747663833
"01/21/2019, 22:04:00",0.9918941101,0.9804303153,0.9974892105,0.9963579773
"01/21/2019, 22:06:00",0.9937029079,0.5254708184,0.9962294673,0.9979112507
"01/21/2019, 22:08:00",0.9787533359,0.982548982,0.9964071557,0.9978709765
"01/21/2019, 22:10:00",0.9977054557,0.9984665319,0.9841530193,0.9994716735
"01/21/2019, 22:12:00",0.9998028636,0.9981419987,0.9988972479,0.9956900323
"01/21/2019, 22:14:00",0.9582468837,0.9494775635,0.9971611684,0.9908584956
"01/21/2019, 22:16:00",0.9280676139,0.9955475847,0.9601498089,0.9920668414
"01/21/2019, 22:18:00",0.9859801635,0.9848381146,0.8132516408,0.9544460503
"01/21/2019, 22:20:00",0.9909886849,0.9898786289,0.9991244908,0.9635695382
"01/21/2019, 22:22:00",0.9992582371,0.9996511081,0.9973288836,0.9985436742
"01/21/2019, 22:24:00",0.9992462249,0.9997114881,0.9985264774,0.9508878096
"01/21/2019, 22:26:00",0.9735134808,0.981092705,0.9788313502,0.9617837237
"01/21/2019, 22:28:00",0.997449106,0.9998849503,0.592235712,0.5928672916
"01/21/2019, 22:30:00",0.2833782077,0.9972115473,0.9991197142,0.9990588473
"01/21/2019, 22:32:00",0.4613399389,0.9995693576,0.9845986646,0.9991631106
"01/21/2019, 22:34:00",0.9854669305,0.9904223585,0.9903423975,0.9993267359
"01/21/2019, 22:36:00",0.9709374418,0.9988724535,0.9834663703,0.9878327577
"01/21/2019, 22:38:00",0.899338903,0.9751038691,0.9969056346,0.6010119812
"01/21/2019, 22:40:00",0.999567091,0.9975184373,0.9985867078,0.9937811724
"01/21/2019, 22:42:00",0.9984801574,0.9091409582,0.9904727753,0.8291549452
"01/21/2019, 22:44:00",0.99566667,0.9781225911,0.9829515597,0.9816040614
"01/21/2019, 22:46:00",0.9961375534,0.9630751492,0.9837581469,0.997589362
"01/21/2019, 22:48:00",0.9994607828,0.959643155,0.35808657,0.9043668912
"01/21/2019, 22:50:00",0.9900305713,0.9516594793,0.9971574794,0.9549098172
"01/21/2019, 22:52:00",0.9875586704,0.9976900487,0.998808264,0.9766959864
"01/21/2019, 22:54:00",0.7410968558,0.9671397735,0.9876820212,0.9978133531
"01/21/2019, 22:56:00",0.9960519613,0.9948011986,0.9989419502,0.9966237891
"01/21/2019, 22:58:00",0.9602039473,0.9747299036,0.9031883854,0.4143174631
"01/21/2019, 23:00:00",0.9990354866,0.9395485921,0.998744313,0.9823667291
"01/21/2019, 23:02:00",0.9995219876,0.9973758481,0.995901068,0.9659535262
"01/21/2019, 23:04:00",0.9898821245,0.9998255641,0.9984746552,0.9889820898
"01/21/2019, 23:06:00",0.9962019664,0.9995728939,0.9929427998,0.9932768716
"01/21/2019, 23:08:00",0.9997346633,0.9888684236,0.9976511166,0.6563152884
"01/21/2019, 23:10:00",0.9988518358,0.983250425,0.9995406212,0.9891527983
"01/21/2019, 23:12:00",0.9993905689,0.9989650528,0.9995160501,0.9990191265
"01/21/2019, 23:14:00",0.9870926834,0.9998634844,0.880837594,0.9995759349
"01/21/2019, 23:16:00",0.9600030563,0.9984429637,0.9865298792,0.9750204034
"01/21/2019, 23:18:00",0.9984866119,0.9981041709,0.9978113791,0.9976163928
"01/21/2019, 23:20:00",0.9859275642,0.9961136388,0.9940913899,0.9947625637
"01/21/2019, 23:22:00",0.9918837535,0.9951181859,0.9992109236,0.9890526923
"01/21/2019, 23:24:00",0.9897719955,0.2738274271,0.9993506254,0.875654462
"01/21/2019, 23:26:00",0.9923827891,0.9953246697,0.9898190699,0.9813127378
"01/21/2019, 23:28:00",0.9912445053,0.9824811284,0.967517042,0.9849583006
"01/21/2019, 23:30:00",0.9973563987,0.9963777775,0.9974164294,0.9875976004
"01/21/2019, 23:32:00",0.9984719497,0.9986685453,0.9971739993,0.983532784
"01/21/2019, 23:34:00",0.9945428608,0.9996248044,0.9869391897,0.999373991
"01/21/2019, 23:36:00",0.9994521553,0.987854492,0.9971522608,0.9998627104
"01/21/2019, 23:38:00",0.9967808057,0.999374593,0.9963162946,0.9981890306
"01/21/2019, 23:40:00",0.9973953038,0.996141991,0.9980432856,0.9937639709
"01/21/2019, 23:42:00",0.9973858081,0.9944832622,0.9888064586,0.9989823218
"01/21/2019, 23:44:00",0.9907064649,0.9761480521,0.9962959658,0.9992348174
"01/21/2019, 23:46:00",0.9995839426,0.984992307,0.9411234795,0.9974694952
"01/21/2019, 23:48:00",0.8163509489,0.9655578504,0.8464811856,0.856415829
"01/21/2019, 23:50:00",0.9987931413,0.9981483402,0.9976003255,0.9980354424
"01/21/2019, 23:52:00",0.9890197012,0.9594028158,0.9970284967,0.9833351408
"01/21/2019, 23:54:00",0.995522675,0.9983331347,0.9946413534,0.9961691209
"01/21/2019, 23:56:00",0.9934735992,0.9947838431,0.9970882385,0.9956167002
"01/21/2019, 23:58:00",0.9987309532,0.9887030987,0.9949579019,0.9965305751
"01/22/2019, 00:00:00",0.996847163,0.9976833587,0.9951021567,0.9978503091
"01/22/2019, 00:02:00",0.9993774614,0.9994590231,0.9991900517,0.9887985006
"01/22/2019, 00:04:00",0.9995807744,0.998004013,0.9987325992,0.9959191414
"01/22/2019, 00:06:00",0.9985483518,0.999081736,0.9982465195,0.9968543076
"01/22/2019, 00:08:00",0.9997279013,0.9487059087,0.985474117,0.9978606918
"01/22/2019, 00:10:00",0.9942808189,0.9977856093,0.9975350982,0.9947046204
"01/22/2019, 00:12:00",0.9728355377,0.9981302253,0.9967984599,0.9971088476
"01/22/2019, 00:14:00",0.9955130167,0.9953463142,0.999815549,0.9980930055
"01/22/2019, 00:16:00",0.9990497095,0.9996345809,0.9982775531,0.977647314
"01/22/2019, 00:18:00",0.9999113734,0.9994749599,0.9995087142,0.9938421583
"01/22/2019, 00:20:00",0.9988738148,0.9990598103,0.9938143486,0.9992469714
"01/22/2019, 00:22:00",0.9971117906,0.999224106,0.9999583464,0.9860294264
"01/22/2019, 00:24:00",0.9931103207,0.9991421072,0.9969911772,0.9798678663
"01/22/2019, 00:26:00",0.9978845771,0.9549395622,0.9998940682,0.93401404
"01/22/2019, 00:28:00",0.8226599991,0.9759418886,0.7278571968,0.9747706263
"01/22/2019, 00:30:00",0.9995191762,0.9957768841,0.9965467732,0.9901382839
"01/22/2019, 00:32:00",0.9901010612,0.9825299865,0.9989231006,0.9789130117
"01/22/2019, 00:34:00",0.9986128424,0.9993586848,0.9994679671,0.999270295
"01/22/2019, 00:36:00",0.9994380326,0.9981484883,0.9315880759,0.9929688222
"01/22/2019, 00:38:00",0.9985230715,0.9590549087,0.9980236838,0.9581571089
"01/22/2019, 00:40:00",0.9996185602,0.9971036735,0.9996647983,0.9980285069
"01/22/2019, 00:42:00",0.9991887939,0.9995007922,0.9979522287,0.9992783635
"01/22/2019, 00:44:00",0.9976438542,0.9987137382,0.9956136521,0.9927898292
"01/22/2019, 00:46:00",0.9969473875,0.9693909157,0.9957525137,0.9983019304
"01/22/2019, 00:48:00",0.5388905928,0.9986654838,0.5521591471,0.9930661587
"01/22/2019, 00:50:00",0.9976056157,0.9990389327,0.9991543368,0.9989354229
"01/22/2019, 00:52:00",0.9879555969,0.9998001117,0.7352741977,0.7558770823
"01/22/2019, 00:54:00",0.9938042211,0.9991352775,0.9930111178,0.991482404
"01/22/2019, 00:56:00",0.9986178525,0.9993592229,0.9974221434,0.9922542314
"01/22/2019, 00:58:00",0.9978689892,0.9989780929,0.9995075219,0.9556280651
"01/22/2019, 01:00:00",0.9987585446,0.997055925,0.9976589397,0.9984213066
"01/22/2019, 01:02:00",0.9977142951,0.9991145775,0.989800127,0.9901866799
"01/22/2019, 01:04:00",0.9388994361,0.999974272,0.9271465655,0.9958353216
"01/22/2019, 01:06:00",0.9622602609,0.9757448292,0.9643992631,0.9849545746
"01/22/2019, 01:08:00",0.9977978165,0.999314666,0.9839913256,0.9850579443
"01/22/2019, 01:10:00",0.9964079396,0.9692439576,0.9709346872,0.9705041094
"01/22/2019, 01:12:00",0.9961315226,0.9964468741,0.9947795431,0.9993404818
"01/22/2019, 01:14:00",0.999019594,0.9999648874,0.9998180268,0.9993650581
"01/22/2019, 01:16:00",0.993473166,0.9976600532,0.9994499,0.9879642869
"01/22/2019, 01:18:00",0.4148883945,0.2752469403,0.9432545073,0.4406713398
"01/22/2019, 01:20:00",0.99953283,0.9998452888,0.9988505912,0.995627316
"01/22/2019, 01:22:00",0.994949017,0.9982532303,0.9721557896,0.9778247803
"01/22/2019, 01:24:00",0.9973404931,0.9928913718,0.9986493637,0.9980758379
"01/22/2019, 01:26:00",0.7871314158,0.9989198961,0.9138349861,0.8722952114
"01/22/2019, 01:28:00",0.996998754,0.380756177,0.4082229143,0.09644835938
"01/22/2019, 01:30:00",0.9854434124,0.9979519336,0.9985142448,0.9550634912
"01/22/2019, 01:32:00",0.98718685,0.9846947301,0.9730008667,0.989662313
"01/22/2019, 01:34:00",0.9996675559,0.9327847597,0.9242038579,0.9419131664
"01/22/2019, 01:36:00",0.9986114904,0.9939165615,0.9959753454,0.9940163708
"01/22/2019, 01:38:00",0.9976979392,0.9990408893,0.9996594488,0.9967124762
"01/22/2019, 01:40:00",0.9849177125,0.9991532415,0.9962406499,0.9976073603
"01/22/2019, 01:42:00",0.9997739621,0.9979945515,0.9978494565,0.9996417845
"01/22/2019, 01:44:00",0.9892473746,0.7980179812,0.9882935098,0.9783964105
"01/22/2019, 01:46:00",0.9976335517,0.9986716441,0.9734713709,0.9954634331
"01/22/2019, 01:48:00",0.9767149189,0.3132681635,0.3977181835,0.9782298857
"01/22/2019, 01:50:00",0.9710329852,0.991667125,0.9994162818,0.9848492659
"01/22/2019, 01:52:00",0.9977435958,0.99935082,0.9971761824,0.9862600969
"01/22/2019, 01:54:00",0.9982522389,0.9994081136,0.9892702843,0.9947874146
"01/22/2019, 01:56:00",0.9965124059,0.9974015948,0.9744072409,0.9986014521
"01/22/2019, 01:58:00",0.9947157107,0.9995278892,0.9995276596,0.9995142326
"01/22/2019, 02:00:00",0.9180591357,0.8610548036,0.9440613609,0.7191560198
"01/22/2019, 02:02:00",0.9492588452,0.9893284185,0.9460239253,0.9148449866
"01/22/2019, 02:04:00",0.7419141761,0.9855064541,0.9131589927,0.8824044759
"01/22/2019, 02:06:00",0.8953587002,0.9276013681,0.8880730003,0.9531500599
"01/22/2019, 02:08:00",0.8935606181,0.3718156715,0.86512579,0.92471663
"01/22/2019, 02:10:00",0.8761851771,0.7476907755,0.7210323439,0.7239574281
"01/22/2019, 02:12:00",0.9126667696,0.9138589487,0.7067880667,0.9053137895
"01/22/2019, 02:14:00",0.9295034511,0.8958995669,0.9010555275,0.8999363189
"01/22/2019, 02:16:00",0.8961171776,0.9643326716,0.9314452387,0.917312873
"01/22/2019, 02:18:00",0.9866236546,0.9355612572,0.9751651479,0.7971780892
"01/22/2019, 02:20:00",0.9606263684,0.9657369304,0.9521843117,0.962438107
"01/22/2019, 02:22:00",0.9190106997,0.9659908267,0.9841332724,0.9080260942
"01/22/2019, 02:24:00",0.9326237549,0.9621766224,0.9372687153,0.8802308831
"01/22/2019, 02:26:00",0.9503625487,0.9506776731,0.8939238742,0.9790751783
"01/22/2019, 02:28:00",0.8459438158,0.9542849628,0.8856045221,0.390859852
"01/22/2019, 02:30:00",0.8316021787,0.913247014,0.9403294497,0.5987177459
"01/22/2019, 02:32:00",0.997590206,0.9763626398,0.998647388,0.999180186
"01/22/2019, 02:34:00",0.9116242146,0.9950540736,0.9805854892,0.9909687786
"01/22/2019, 02:36:00",0.9991794928,0.9903426927,0.9976600293,0.9966495549
"01/22/2019, 02:38:00",0.9997555647,0.9993995786,0.9996779753,0.9992651061
"01/22/2019, 02:40:00",0.9993126665,0.9137408118,0.9025506979,0.9190640164
"01/22/2019, 02:42:00",0.9977948935,0.9780319821,0.9677182841,0.9988386202
"01/22/2019, 02:44:00",0.9062721925,0.9092442491,0.8485886767,0.8395277738
"01/22/2019, 02:46:00",0.9175654132,0.991693873,0.9333096986,0.9284579148
"01/22/2019, 02:48:00",0.9527851484,0.9255866168,0.9279796415,0.5401973295
"01/22/2019, 02:50:00",0.9876808602,0.9956872129,0.98483428,0.9974919879
"01/22/2019, 02:52:00",0.9989291185,0.9995378849,0.9968446523,0.9974050354
"01/22/2019, 02:54:00",0.9577973107,0.9871490558,0.9970540253,0.993422588
"01/22/2019, 02:56:00",0.9973807574,0.9941808183,0.9932857699,0.9979001709
"01/22/2019, 02:58:00",0.9945958886,0.9953463904,0.9967312201,0.9994969026
"01/22/2019, 03:00:00",0.9980746835,0.9967324977,0.999781627,0.996297703
"01/22/2019, 03:02:00",0.998623794,0.9999502972,0.9997993151,0.9943939163
"01/22/2019, 03:04:00",0.9794392158,0.9990943184,0.9840377359,0.9980520524
"01/22/2019, 03:06:00",0.9992713467,0.993706212,0.9999351083,0.9976636904
"01/22/2019, 03:08:00",0.9997599219,0.9923652084,0.9666712456,0.9877661356
"01/22/2019, 03:10:00",0.9983356595,0.9954546284,0.9951919996,0.9967714757
"01/22/2019, 03:12:00",0.9963941345,0.9997260005,0.9965670638,0.9931580877
"01/22/2019, 03:14:00",0.9817795101,0.9976809218,0.997966116,0.988580049
"01/22/2019, 03:16:00",0.9766574482,0.9992173768,0.9995086778,0.9989123839
"01/22/2019, 03:18:00",0.9991405838,0.9993330465,0.6433135504,0.9992938836
"01/22/2019, 03:20:00",0.994433273,0.9998446096,0.9956292514,0.9988851474
"01/22/2019, 03:22:00",0.9789442543,0.9991606596,0.999873754,0.9974515465
"01/22/2019, 03:24:00",0.9996563441,0.9983182734,0.9986212679,0.9911799971
"01/22/2019, 03:26:00",0.997144285,0.9468239101,0.9985498831,0.9779093768
"01/22/2019, 03:28:00",0.988430692,0.9996684207,0.9939159478,0.9991792011
"01/22/2019, 03:30:00",0.9998514196,0.9997788764,0.9965577432,0.9784523288
"01/22/2019, 03:32:00",0.9995893131,0.9993139038,0.9997324945,0.9917472368
"01/22/2019, 03:34:00",0.9975021652,0.9993440675,0.9976329187,0.9891845369
"01/22/2019, 03:36:00",0.9994061826,0.9962788873,0.9975044585,0.9986071057
"01/22/2019, 03:38:00",0.9980764635,0.9963255965,0.9984382745,0.999956876
"01/22/2019, 03:40:00",0.9986062512,0.9990996887,0.9987557324,0.9902550974
"01/22/2019, 03:42:00",0.9759410093,0.986566282,0.998165794,0.9939215631
"01/22/2019, 03:44:00",0.9985335995,0.9960773025,0.9983541232,0.9979047065
"01/22/2019, 03:46:00",0.9935156549,0.9975811454,0.991690902,0.9914455255
"01/22/2019, 03:48:00",0.9910073189,0.9908882378,0.99976443,0.9821524668
"01/22/2019, 03:50:00",0.9924206397,0.9994206096,0.996112782,0.9995470558
"01/22/2019, 03:52:00",0.9947009002,0.9988950462,0.9954684269,0.9993962632
"01/22/2019, 03:54:00",0.9710719306,0.9990869404,0.8966852999,0.954904095
"01/22/2019, 03:56:00",0.9981613672,0.9870809033,0.9992475297,0.9984143642
"01/22/2019, 03:58:00",0.9990714389,0.9777907932,0.9964810203,0.9906480816
"01/22/2019, 04:00:00",0.9996020518,0.9991676803,0.9926017846,0.9993855231
"01/22/2019, 04:02:00",0.9995534147,0.9992258405,0.9993163403,0.9928380088
"01/22/2019, 04:04:00",0.9571790798,0.9987211235,0.9983577298,0.9990758456
"01/22/2019, 04:06:00",0.9983678119,0.997190551,0.9316589863,0.9878141124
"01/22/2019, 04:08:00",0.8002413568,0.9959498809,0.9587944806,0.8836742602
"01/22/2019, 04:10:00",0.9987874277,0.9349048097,0.999252632,0.9868470849
"01/22/2019, 04:12:00",0.9865936672,0.9213035823,0.999463652,0.9219686337
"01/22/2019, 04:14:00",0.9978640662,0.9891290069,0.9997465974,0.8102809104
"01/22/2019, 04:16:00",0.998717387,0.9996297595,0.9994406472,0.9528703037
"01/22/2019, 04:18:00",0.3095481413,0.9958973975,0.9768901237,0.7201129585
"01/22/2019, 04:20:00",0.9802770425,0.9218590715,0.9897314507,0.9535115082
"01/22/2019, 04:22:00",0.9962960216,0.996797229,0.99840403,0.9994603828
"01/22/2019, 04:24:00",0.9872462927,0.9973324651,0.9942932363,0.9960743262
"01/22/2019, 04:26:00",0.9991991171,0.997755938,0.9993510156,0.7600162059
"01/22/2019, 04:28:00",0.9985532582,0.9849756097,0.9844786406,0.08036440507
"01/22/2019, 04:30:00",0.9953367897,0.9979032457,0.998757954,0.8522472561
"01/22/2019, 04:32:00",0.9995788176,0.9994422955,0.9968045939,0.5836329948
"01/22/2019, 04:34:00",0.4912353641,0.9983620003,0.9949265889,0.6628466761
"01/22/2019, 04:36:00",0.9998519347,0.9983112094,0.9985750476,0.8565970016
"01/22/2019, 04:38:00",0.9988178761,0.9974977384,0.992153952,0.739156309
"01/22/2019, 04:40:00",0.9979297561,0.9952021344,0.980821375,0.9990273467
"01/22/2019, 04:42:00",0.9930836466,0.9993109445,0.9798505623,0.9949245361
"01/22/2019, 04:44:00",0.9994780683,0.992943908,0.9959408337,0.9951031428
"01/22/2019, 04:46:00",0.9950642182,0.9987473277,0.9891022484,0.9992829101
"01/22/2019, 04:48:00",0.9961941558,0.9898041586,0.998885471,0.9995187145
"01/22/2019, 04:50:00",0.9994744216,0.9982112608,0.9992889321,0.9965867665
"01/22/2019, 04:52:00",0.9719621153,0.9995107337,0.997490132,0.9992713537
"01/22/2019, 04:54:00",0.3741410856,0.9511941149,0.9835600104,0.854187581
"01/22/2019, 04:56:00",0.9969862078,0.9926244537,0.9978517,0.7009701955
"01/22/2019, 04:58:00",0.9847650958,0.9903117193,0.9971425858,0.9992252976
"01/22/2019, 05:00:00",0.9986084958,0.9991697721,0.9998742035,0.972371245
"01/22/2019, 05:02:00",0.9973686765,0.9727387606,0.2183247004,0.1807461033
"01/22/2019, 05:04:00",0.9994076699,0.995823979,0.946858363,0.937843089
"01/22/2019, 05:06:00",0.9987250901,0.9961639736,0.9937866439,0.7312132521
"01/22/2019, 05:08:00",0.9979433357,0.9691613376,0.998671702,0.9990387319
"01/22/2019, 05:10:00",0.999740846,0.9991706293,0.9993148003,0.9975931413
"01/22/2019, 05:12:00",0.8666253277,0.9857483313,0.9961215082,0.9514956541
"01/22/2019, 05:14:00",0.9890552457,0.9968185057,0.9771205682,0.9833102238
"01/22/2019, 05:16:00",0.9946842954,0.9788890406,0.9671031045,0.9841578497
"01/22/2019, 05:18:00",0.9977776418,0.9987715859,0.9989523962,0.9947595465
"01/22/2019, 05:20:00",0.9993514159,0.9982444324,0.9999655095,0.9984569766
"01/22/2019, 05:22:00",0.9937854107,0.9994276057,0.9990223474,0.9993768626
"01/22/2019, 05:24:00",0.9945604933,0.9992901489,0.9863315996,0.9943618878
"01/22/2019, 05:26:00",0.9969646394,0.9997766167,0.998791331,0.9991480667
"01/22/2019, 05:28:00",0.9917873703,0.9555091998,0.9862785335,0.2888763637
"01/22/2019, 05:30:00",0.9777798589,0.9985001595,0.9936306724,0.9964678094
"01/22/2019, 05:32:00",0.9994307347,0.9911207493,0.9960379388,0.998980769
"01/22/2019, 05:34:00",0.9999255708,0.9996906965,0.9997658676,0.9913318461
"01/22/2019, 05:36:00",0.9926418461,0.9990993259,0.9982108542,0.9987502097
"01/22/2019, 05:38:00",0.4120911921,0.9957823566,0.4718013598,0.440808498
"01/22/2019, 05:40:00",0.998771328,0.9948697185,0.9996344529,0.9994955297
"01/22/2019, 05:42:00",0.9988425267,0.9943995259,0.999557053,0.9965011577
"01/22/2019, 05:44:00",0.9757611683,0.9908716801,0.9650242474,0.9991485071
"01/22/2019, 05:46:00",0.9972504361,0.9950518211,0.9993513959,0.997240234
"01/22/2019, 05:48:00",0.9849704539,0.9823348419,0.9731885818,0.9890313416
"01/22/2019, 05:50:00",0.9632895621,0.9923643084,0.9817526713,0.9994130207
"01/22/2019, 05:52:00",0.9972875606,0.9960361722,0.9729816561,0.9679440206
"01/22/2019, 05:54:00",0.9996210447,0.9980068524,0.9990629333,0.9959573962
"01/22/2019, 05:56:00",0.9973404387,0.9984089166,0.9998291193,0.9395774304
"01/22/2019, 05:58:00",0.9853162029,0.9979803624,0.9937890862,0.9979551132
"01/22/2019, 06:00:00",0.9645195457,0.9982720131,0.9906894618,0.9802955363
"01/22/2019, 06:02:00",0.9989591103,0.601470626,0.9295622579,0.9177018471
"01/22/2019, 06:04:00",0.9806007501,0.9993815763,0.9762753712,0.9842158801
"01/22/2019, 06:06:00",0.999788185,0.9994957961,0.9927300768,0.9859224529
"01/22/2019, 06:08:00",0.9996682716,0.9238803319,0.9989200587,0.9682338668
"01/22/2019, 06:10:00",0.9986775784,0.9890724051,0.996301784,0.9959085006
"01/22/2019, 06:12:00",0.9557567891,0.9550527786,0.9817541357,0.914189641
"01/22/2019, 06:14:00",0.9862583893,0.9998791042,0.9487820331,0.9703108025
"01/22/2019, 06:16:00",0.9680836763,0.9961389356,0.972615641,0.9990746596
"01/22/2019, 06:18:00",0.9977987894,0.9552627742,0.967614964,0.998692951
"01/22/2019, 06:20:00",0.8010048176,0.9965692645,0.988145331,0.9986474849
"01/22/2019, 06:22:00",0.9767995843,0.9919107528,0.9980693387,0.9983732581
"01/22/2019, 06:24:00",0.9956393172,0.9985541136,0.9942781954,0.9972582905
"01/22/2019, 06:26:00",0.9834426434,0.9766339453,0.9480711791,0.951036497
"01/22/2019, 06:28:00",0.917481949,0.747146108,0.9981393047,0.976999452
"01/22/2019, 06:30:00",0.9481345869,0.9602023933,0.9962780354,0.9851906573
"01/22/2019, 06:32:00",0.9352213248,0.9945990644,0.9997993006,0.9714668712
"01/22/2019, 06:34:00",0.9173490573,0.9988498348,0.9632032548,0.9476437957
"01/22/2019, 06:36:00",0.9919739596,0.9981114075,0.9930435342,0.9838864597
"01/22/2019, 06:38:00",0.9916105346,0.9207196007,0.9984538847,0.9991096803
"01/22/2019, 06:40:00",0.9954936854,0.9566438759,0.9915011874,0.9991994449
"01/22/2019, 06:42:00",0.98040938,0.9993499992,0.9455767275,0.9548144284
"01/22/2019, 06:44:00",0.9819062119,0.9716863392,0.9424929665,0.9702104207
"01/22/2019, 06:46:00",0.9371703192,0.9597340605,0.9977982411,0.9983046741
"01/22/2019, 06:48:00",0.982599187,0.5319615681,0.1567506814,0.9951367205
"01/22/2019, 06:50:00",0.9896593353,0.9990960119,0.9965339928,0.9983172756
"01/22/2019, 06:52:00",0.9911185731,0.9978090534,0.9940997205,0.9819580018
"01/22/2019, 06:54:00",0.9989278772,0.9955422513,0.9974762726,0.9982728941
"01/22/2019, 06:56:00",0.9991463588,0.9958809374,0.9987795181,0.9965055936
"01/22/2019, 06:58:00",0.9960784082,0.9967104604,0.9933065653,0.999463414
"01/22/2019, 07:00:00",0.9907936662,0.999420212,0.9992525583,0.9963719505
"01/22/2019, 07:02:00",0.9992665201,0.9996794108,0.9996017255,0.9927526749
"01/22/2019, 07:04:00",0.9991964676,0.999995845,0.9893489011,0.9999734499
"01/22/2019, 07:06:00",0.9997241778,0.9997688608,0.9994697523,0.999495846
"01/22/2019, 07:08:00",0.9988956898,0.9973253721,0.9991239748,0.9973163768
"01/22/2019, 07:10:00",0.9995923744,0.9996170667,0.9963137405,0.9938451699
"01/22/2019, 07:12:00",0.9950231895,0.9993235137,0.9995975757,0.996041928
"01/22/2019, 07:14:00",0.9952738581,0.9851847223,0.9993732842,0.9988007117
"01/22/2019, 07:16:00",0.9989144458,0.9990316136,0.9997071913,0.9963804926
"01/22/2019, 07:18:00",0.9862287067,0.9991563886,0.9993519233,0.9902307271
"01/22/2019, 07:20:00",0.9996386582,0.9986373781,0.9991467389,0.9986810228
"01/22/2019, 07:22:00",0.9993894311,0.9992541853,0.9989645256,0.9995034448
"01/22/2019, 07:24:00",0.9935441761,0.9969309168,0.9991863077,0.9990379295
"01/22/2019, 07:26:00",0.9970876308,0.9984248507,0.9045416888,0.9927372619
"01/22/2019, 07:28:00",0.9960364697,0.9984595148,0.9940021938,0.9948395865
"01/22/2019, 07:30:00",0.9912195523,0.9914044273,0.9999547653,0.9996769666
"01/22/2019, 07:32:00",0.9937410802,0.9886515124,0.9973081554,0.9489759805
"01/22/2019, 07:34:00",0.9696653725,0.9913186157,0.9971708313,0.9918566181
"01/22/2019, 07:36:00",0.9969168179,0.9995728374,0.9941856601,0.9995954516
"01/22/2019, 07:38:00",0.9996366505,0.995400253,0.9506263478,0.800787729
"01/22/2019, 07:40:00",0.998669608,0.9927927338,0.9996394535,0.9983429957
"01/22/2019, 07:42:00",0.9996565893,0.999429354,0.9995318565,0.9990804348
"01/22/2019, 07:44:00",0.9996027789,0.9995472215,0.9935899502,0.9767719036
"01/22/2019, 07:46:00",0.9997204527,0.9986866658,0.9990346072,0.9913033906
"01/22/2019, 07:48:00",0.9981114546,0.2940685649,0.8093610642,0.9236726672
"01/22/2019, 07:50:00",0.9939022779,0.9974287005,0.9894039464,0.9948364896
"01/22/2019, 07:52:00",0.9985562252,0.9984237188,0.9987575064,0.9971896474
"01/22/2019, 07:54:00",0.9898369906,0.8820974538,0.9978236188,0.9425077566
"01/22/2019, 07:56:00",0.9987133199,0.9998876415,0.9400923038,0.9992485461
"01/22/2019, 07:58:00",0.8569306988,0.7922646605,0.9711722383,0.9137242851
"01/22/2019, 08:00:00",0.9982237406,0.9948415504,0.9956253831,0.9699087878
"01/22/2019, 08:02:00",0.9384653843,0.9998026048,0.9864035512,0.9993873457
"01/22/2019, 08:04:00",0.9962847081,0.9990127324,0.9914833579,0.9991674981
"01/22/2019, 08:06:00",0.986621965,0.9978768098,0.9928180544,0.9951852818
"01/22/2019, 08:08:00",0.9958892664,0.996456915,0.998450849,0.9969400945
"01/22/2019, 08:10:00",0.9950978582,0.9990467697,0.9994901825,0.9971056571
"01/22/2019, 08:12:00",0.9786222098,0.9955704609,0.9962651067,0.9596171821
"01/22/2019, 08:14:00",0.9989870339,0.9993490131,0.9968128583,0.9969952757
"01/22/2019, 08:16:00",0.9936705158,0.9828322824,0.9959395604,0.9945643719
"01/22/2019, 08:18:00",0.9943628702,0.9967190114,0.9995359013,0.9954855309
"01/22/2019, 08:20:00",0.9982103147,0.9931098278,0.998170803,0.9986689714
"01/22/2019, 08:22:00",0.9941269398,0.994868012,0.9972301305,0.9998213372
"01/22/2019, 08:24:00",0.9996714508,0.996332197,0.9993115583,0.9998186145
"01/22/2019, 08:26:00",0.9957128689,0.9880459597,0.9981734678,0.999063785
"01/22/2019, 08:28:00",0.9992953222,0.9977047513,0.9935887237,0.9990906136
"01/22/2019, 08:30:00",0.9878213476,0.9986934607,0.9912788977,0.9920141802
"01/22/2019, 08:32:00",0.9979109589,0.9847846993,0.9797406503,0.880415321
"01/22/2019, 08:34:00",0.9985332628,0.9610380039,0.9994888486,0.9986612511
"01/22/2019, 08:36:00",0.9968953518,0.9847650504,0.9960201351,0.9974510501
"01/22/2019, 08:38:00",0.999692915,0.6512773653,0.968751394,0.9994397597
"01/22/2019, 08:40:00",0.9917358675,0.9978721219,0.9989417836,0.9967136528
"01/22/2019, 08:42:00",0.994465709,0.9848908565,0.999839594,0.9889097091
"01/22/2019, 08:44:00",0.9649543501,0.99794904,0.9988968533,0.9746398365
"01/22/2019, 08:46:00",0.9920914814,0.9995195967,0.999573082,0.9818572348
"01/22/2019, 08:48:00",0.9985775976,0.9970043792,0.9971173181,0.9942415566
"01/22/2019, 08:50:00",0.9983740965,0.9610095911,0.9772107413,0.9964138227
"01/22/2019, 08:52:00",0.9992328865,0.9694760766,0.9530637542,0.9738083279
"01/22/2019, 08:54:00",0.9894212927,0.9874298565,0.9923993579,0.9985563988
"01/22/2019, 08:56:00",0.99884532,0.9759877221,0.9959424087,0.9343814499
"01/22/2019, 08:58:00",0.9988122137,0.9992036386,0.9753331939,0.9974007529
"01/22/2019, 09:00:00",0.9994561296,0.9951282563,0.9974647651,0.9993410545
"01/22/2019, 09:02:00",0.9980283375,0.9965401795,0.9406193724,0.9799252853
"01/22/2019, 09:04:00",0.9226513855,0.9199840925,0.9757163524,0.9494439163
"01/22/2019, 09:06:00",0.99963225,0.5099269957,0.9958419499,0.4031413577
"01/22/2019, 09:08:00",0.9950459487,0.9201696078,0.6411212228,0.6409087276
"01/22/2019, 09:10:00",0.8813975793,0.8690396926,0.9671878802,0.9493984548
"01/22/2019, 09:12:00",0.9978393013,0.9794962288,0.9803681669,0.981488621
"01/22/2019, 09:14:00",0.9446948477,0.9800163717,0.9990131541,0.9261718001
"01/22/2019, 09:16:00",0.9785765599,0.9817323287,0.9674933243,0.9991597155
"01/22/2019, 09:18:00",0.9997659121,0.9296302567,0.9920549225,0.950495914
"01/22/2019, 09:20:00",0.9674414188,0.983031473,0.9968883325,0.9992688554
"01/22/2019, 09:22:00",0.9987941983,0.9967551405,0.9994693637,0.9988379378
"01/22/2019, 09:24:00",0.9993187946,0.9997193378,0.9996873603,0.994799781
"01/22/2019, 09:26:00",0.9998761241,0.9988625945,0.9995450692,0.9954400632
"01/22/2019, 09:28:00",0.9980904736,0.9410540601,0.9976032503,0.8530845917
"01/22/2019, 09:30:00",0.9986245323,0.432253493,0.9971650826,0.9929255272
"01/22/2019, 09:32:00",0.9999803176,0.9050927912,0.998744562,0.6838269218
"01/22/2019, 09:34:00",0.9847518763,0.9983133716,0.9981573773,0.9976485395
"01/22/2019, 09:36:00",0.9953489106,0.9988727283,0.9999779802,0.9941620597
"01/22/2019, 09:38:00",0.9904862731,0.9966678888,0.9992414949,0.9984567635
"01/22/2019, 09:40:00",0.9943534084,0.9878311727,0.991052805,0.9737985355
"01/22/2019, 09:42:00",0.5901539793,0.9990819595,0.9981277178,0.8655911239
"01/22/2019, 09:44:00",0.988462143,0.9992347014,0.9954044483,0.9605124814
"01/22/2019, 09:46:00",0.9984018658,0.9933277338,0.9399923784,0.9983373341
"01/22/2019, 09:48:00",0.9978883969,0.9857507647,0.9444328992,0.9957786773
"01/22/2019, 09:50:00",0.7667316961,0.8190249506,0.9997447894,0.8284838689
"01/22/2019, 09:52:00",0.99919797,0.9999093135,0.9974390302,0.9873683301
"01/22/2019, 09:54:00",0.9992812699,0.9872054365,0.9965489915,0.9916441899
"01/22/2019, 09:56:00",0.997670387,0.9972663791,0.995143483,0.9969535382
"01/22/2019, 09:58:00",0.9981958272,0.9988440239,0.9982245939,0.9991371815
"01/22/2019, 10:00:00",0.9972774477,0.9625991359,0.9603395686,0.999330063
"01/22/2019, 10:02:00",0.9970841795,0.9992203588,0.9890961764,0.9962982831
"01/22/2019, 10:04:00",0.9960375048,0.9799702879,0.9996838093,0.9007045209
"01/22/2019, 10:06:00",0.9058260907,0.9562573642,0.9155364988,0.9515065113
"01/22/2019, 10:08:00",0.9859840812,0.9989493016,0.9980653853,0.9941146853
"01/22/2019, 10:10:00",0.999438048,0.9964666588,0.9872902622,0.9993196418
"01/22/2019, 10:12:00",0.9884173209,0.9903604884,0.9966672125,0.9916074432
"01/22/2019, 10:14:00",0.9979465167,0.9981260821,0.9971659677,0.9665222037
"01/22/2019, 10:16:00",0.9984732389,0.9996194269,0.9988729309,0.9917167003
"01/22/2019, 10:18:00",0.9971608801,0.9933592046,0.9989140511,0.9989579414
"01/22/2019, 10:20:00",0.9980264558,0.998139272,0.9926005398,0.9948481458
"01/22/2019, 10:22:00",0.9914479923,0.9976352024,0.9982755921,0.9923082471
"01/22/2019, 10:24:00",0.993245201,0.9957037446,0.9651114765,0.9991334455
"01/22/2019, 10:26:00",0.9986780978,0.9977582249,0.9947695389,0.9885878223
"01/22/2019, 10:28:00",0.9714399206,0.9007204556,0.9729502443,0.9764871729
"01/22/2019, 10:30:00",0.9988273977,0.9993001032,0.9990035803,0.9993342936
"01/22/2019, 10:32:00",0.9944757623,0.998014298,0.9939226966,0.9858506763
"01/22/2019, 10:34:00",0.9924989958,0.9248908325,0.9981199905,0.990295305
"01/22/2019, 10:36:00",0.9896324109,0.9784459723,0.9994339295,0.9845445095
"01/22/2019, 10:38:00",0.6636452072,0.9916054439,0.8786769292,0.6500374349
"01/22/2019, 10:40:00",0.9918686141,0.9962382242,0.9997175811,0.998219475
"01/22/2019, 10:42:00",0.9671066302,0.9985601753,0.9993708643,0.9995962017
"01/22/2019, 10:44:00",0.9896737102,0.984018517,0.9879943829,0.9569374093
"01/22/2019, 10:46:00",0.9962194878,0.9932889831,0.9906998472,0.9963068181
"01/22/2019, 10:48:00",0.3331983441,0.9969260152,0.9916976517,0.9971153921
"01/22/2019, 10:50:00",0.999617426,0.9981295245,0.9997188454,0.9996977432
"01/22/2019, 10:52:00",0.9070354047,0.9703709097,0.9764530172,0.9997034224
"01/22/2019, 10:54:00",0.9851968737,0.9926724061,0.9975668264,0.9983965983
"01/22/2019, 10:56:00",0.9990251424,0.9996414443,0.9987263644,0.9970249877
"01/22/2019, 10:58:00",0.9995299242,0.9985562346,0.8058288333,0.9996612423
"01/22/2019, 11:00:00",0.9931512882,0.9995215503,0.9976389964,0.9890018
"01/22/2019, 11:02:00",0.9722166523,0.9996643873,0.9868117751,0.986930318
"01/22/2019, 11:04:00",0.9972707647,0.9880205321,0.9991755069,0.9971190826
"01/22/2019, 11:06:00",0.9988082996,0.9997615718,0.9806488271,0.9710489533
"01/22/2019, 11:08:00",0.9994796309,0.9963982136,0.9976451465,0.9760752777
"01/22/2019, 11:10:00",0.9999719047,0.9996169999,0.9994908096,0.9763489514
"01/22/2019, 11:12:00",0.4817783665,0.3136098405,0.9859613405,0.3109402124
"01/22/2019, 11:14:00",0.9970321952,0.9848054817,0.9993659619,0.999065248
"01/22/2019, 11:16:00",0.9719009811,0.9938286666,0.9995739721,0.9894869108
"01/22/2019, 11:18:00",0.9985882149,0.9993626719,0.9669245525,0.9876580381
"01/22/2019, 11:20:00",0.9996038194,0.9990822564,0.977372028,0.9801717173
"01/22/2019, 11:22:00",0.9433136819,0.9912704742,0.9924882667,0.9895747661
"01/22/2019, 11:24:00",0.9264528476,0.9910932731,0.9885096269,0.9975833056
"01/22/2019, 11:26:00",0.9899025406,0.9993172333,0.982393796,0.9994246782
"01/22/2019, 11:28:00",0.9971084964,0.9754685922,0.9871510064,0.9878234641
"01/22/2019, 11:30:00",0.9957113952,0.9921862201,0.9999734317,0.9919783366
"01/22/2019, 11:32:00",0.9699021311,0.9971364464,0.2055681211,0.5252603128
"01/22/2019, 11:34:00",0.9963169183,0.9943517343,0.99195919,0.9964394695
"01/22/2019, 11:36:00",0.1713964577,0.9967235,0.9953189402,0.6092351468
"01/22/2019, 11:38:00",0.9993062137,0.9823253003,0.8708435545,0.955426465
"01/22/2019, 11:40:00",0.9996094456,0.9968768364,0.9979786886,0.6090951402
"01/22/2019, 11:42:00",0.9661220583,0.9977854388,0.9934986802,0.9989190792
"01/22/2019, 11:44:00",0.9823832403,0.9997960112,0.9997919106,0.999845908
"01/22/2019, 11:46:00",0.923262312,0.9853697673,0.9752177042,0.9171098561
"01/22/2019, 11:48:00",0.989759191,0.9911554371,0.9987562741,0.9941898999
"01/22/2019, 11:50:00",0.9934414349,0.9934524536,0.9996835645,0.9700696276
"01/22/2019, 11:52:00",0.9976056263,0.9996705518,0.9996769655,0.9278658362
"01/22/2019, 11:54:00",0.9861251099,0.9996849252,0.9996898643,0.998375619
"01/22/2019, 11:56:00",0.992369318,0.9978487429,0.9980354819,0.95409087
"01/22/2019, 11:58:00",0.999740637,0.9989524724,0.3252446286,0.9922412903
"01/22/2019, 12:00:00",0.976306516,0.9986847272,0.9989815457,0.9912087396
"01/22/2019, 12:02:00",0.9947096504,0.9743345984,0.9763962637,0.9813208985
"01/22/2019, 12:04:00",0.9995669848,0.9912667139,0.9937603534,0.9985254012
"01/22/2019, 12:06:00",0.9989289465,0.9994303604,0.998774303,0.9980143073
"01/22/2019, 12:08:00",0.4759989653,0.998918081,0.995278821,0.4524589978
"01/22/2019, 12:10:00",0.9992675144,0.8642581272,0.9992001686,0.8510672439
"01/22/2019, 12:12:00",0.9981379589,0.9992895772,0.9968408971,0.9978860995
"01/22/2019, 12:14:00",0.99847186,0.9840136212,0.9992486429,0.9659916601
"01/22/2019, 12:16:00",0.9919050981,0.9999792287,0.9895638473,0.9822174342
"01/22/2019, 12:18:00",0.6568894293,0.5462843227,0.4893847166,0.6404369412
"01/22/2019, 12:20:00",0.992257346,0.9988043213,0.949967,0.9187780514
"01/22/2019, 12:22:00",0.895047625,0.9963991501,0.5568062459,0.9531071463
"01/22/2019, 12:24:00",0.9676373915,0.9937597016,0.9991576082,0.7753890849
"01/22/2019, 12:26:00",0.9938535389,0.8773411143,0.9999974049,0.6596190968
"01/22/2019, 12:28:00",0.9995012005,0.6786560375,0.8975106252,0.5138293985
"01/22/2019, 12:30:00",0.9984375436,0.9886742027,0.6900019942,0.09901204459
"01/22/2019, 12:32:00",0.9999398371,0.9968041677,0.9987484895,0.5771795805
"01/22/2019, 12:34:00",0.5304866168,0.9957099779,0.5125731687,0.5348485365
"01/22/2019, 12:36:00",0.997324759,0.999566944,0.9986565387,0.9973878813
"01/22/2019, 12:38:00",0.9936526331,0.9984255274,0.9993301989,0.9968745329
"01/22/2019, 12:40:00",0.9222632038,0.9999057717,0.9898382784,0.9999342758
"01/22/2019, 12:42:00",0.9976469714,0.9982837798,0.9984375195,0.9764974522
"01/22/2019, 12:44:00",0.9966571537,0.998295445,0.9998422094,0.9922163989
"01/22/2019, 12:46:00",0.9814039087,0.9970512383,0.9989722102,0.9932805525
"01/22/2019, 12:48:00",0.9994655114,0.9998116601,0.9990135201,0.9977016743
"01/22/2019, 12:50:00",0.999550738,0.9988666916,0.9828666797,0.9984165072
"01/22/2019, 12:52:00",0.9987340846,0.9999376187,0.9939654856,0.9998454587
"01/22/2019, 12:54:00",0.9837858083,0.9914265128,0.9941142072,0.9844421608
"01/22/2019, 12:56:00",0.9628030143,0.9717358202,0.9503856753,0.9553739287
"01/22/2019, 12:58:00",0.9968268055,0.8694452745,0.9838914614,0.9786740958
"01/22/2019, 13:00:00",0.9983569732,0.9942517196,0.9996830215,0.9951674815
"01/22/2019, 13:02:00",0.9827713537,0.9852546667,0.8252446935,0.9981269935
"01/22/2019, 13:04:00",0.9646803769,0.9950065396,0.936265064,0.9349545816
"01/22/2019, 13:06:00",0.9995839041,0.9999099338,0.9993125438,0.9943146936
"01/22/2019, 13:08:00",0.9940599027,0.9950843424,0.4068766548,0.9633590549
"01/22/2019, 13:10:00",0.9979756521,0.9816393284,0.9998726357,0.9921951696
"01/22/2019, 13:12:00",0.9938945492,0.910248993,0.9782210601,0.9760616962
"01/22/2019, 13:14:00",0.9985209544,0.7930958946,0.992747978,0.9989624231
"01/22/2019, 13:16:00",0.9967143804,0.9971305294,0.9973882844,0.9951120352
"01/22/2019, 13:18:00",0.9901086724,0.999080863,0.9975540462,0.9885558597
"01/22/2019, 13:20:00",0.998189281,0.9691018159,0.9814925652,0.999354131
"01/22/2019, 13:22:00",0.9761336556,0.9964763099,0.999063379,0.9991021632
"01/22/2019, 13:24:00",0.9993483876,0.9951507818,0.9994766849,0.9982175057
"01/22/2019, 13:26:00",0.9988689073,0.9245184066,0.9743064379,0.9980545917
"01/22/2019, 13:28:00",0.8483568944,0.9990509839,0.9149202515,0.9504792632
"01/22/2019, 13:30:00",0.9488981034,0.998693255,0.9995719852,0.9485228228
"01/22/2019, 13:32:00",0.9992916773,0.9986173746,0.9729498087,0.9991442555
"01/22/2019, 13:34:00",0.9978660738,0.999805571,0.9991589497,0.9742838274
"01/22/2019, 13:36:00",0.9735868377,0.9997978151,0.9994006817,0.9813157098
"01/22/2019, 13:38:00",0.8950477051,0.6382478028,0.9989919954,0.9929431728
"01/22/2019, 13:40:00",0.9989040065,0.9993904886,0.9998446802,0.9981870071
"01/22/2019, 13:42:00",0.9877008091,0.9969069514,0.9953146832,0.999436239
"01/22/2019, 13:44:00",0.9997562455,0.9905607781,0.9903364323,0.982179085
"01/22/2019, 13:46:00",0.9997758516,0.9987004938,0.9996988415,0.9981849528
"01/22/2019, 13:48:00",0.9998337264,0.9989557859,0.9879473397,0.9989341552
"01/22/2019, 13:50:00",0.9940003634,0.9899425034,0.9865402948,0.9876258982
"01/22/2019, 13:52:00",0.6431253933,0.9666113245,0.2693808242,0.9417610796
"01/22/2019, 13:54:00",0.941172482,0.996258538,0.9996935165,0.8369753092
"01/22/2019, 13:56:00",0.9172246296,0.9914738903,0.9775629217,0.9300865755
"01/22/2019, 13:58:00",0.9518610077,0.9938252954,0.9900376046,0.9997183759
"01/22/2019, 14:00:00",0.9815188961,0.996293201,0.9997930011,0.9985487125
"01/22/2019, 14:02:00",0.9985990401,0.9952130897,0.9749895149,0.9903406292
"01/22/2019, 14:04:00",0.9826997785,0.9581015967,0.9450430621,0.9865024348
"01/22/2019, 14:06:00",0.9996521341,0.9718344677,0.9967765334,0.9723103503
"01/22/2019, 14:08:00",0.9920922372,0.9649657986,0.9959163963,0.9958667403
"01/22/2019, 14:10:00",0.9925193324,0.9968056149,0.9475073548,0.9991342057
"01/22/2019, 14:12:00",0.9898559838,0.9991828841,0.9999217786,0.9796077889
"01/22/2019, 14:14:00",0.9987764359,0.9885031794,0.9986121136,0.9961643425
"01/22/2019, 14:16:00",0.9183933143,0.9988451971,0.9993558959,0.9815706391
"01/22/2019, 14:18:00",0.2684853345,0.4122503107,0.1708032202,0.4796189785
"01/22/2019, 14:20:00",0.9831585265,0.9993410316,0.8060672689,0.9912850627
"01/22/2019, 14:22:00",0.9984603698,0.9995274022,0.9963103184,0.9191358928
"01/22/2019, 14:24:00",0.9995399845,0.996016627,0.9989168411,0.9985317281
"01/22/2019, 14:26:00",0.9849752055,0.9995387347,0.9710969143,0.9996070996
"01/22/2019, 14:28:00",0.9989225875,0.9998954639,0.9988178233,0.9964957783
"01/22/2019, 14:30:00",0.9773977114,0.9999504081,0.9998568775,0.9998368614